time,c_avg,energy
0.0,0.5000143586409946,323.3659096774407
0.03003003003003003,0.5000189212550916,322.74145077091424
0.06006006006006006,0.5000185849809986,322.7411612843425
0.09009009009009009,0.5000183867983332,322.7410681979312
0.12012012012012012,0.5000182486496576,322.7410220122292
0.15015015015015015,0.5000181470574778,322.7409923871366
0.18018018018018017,0.5000180667215883,322.74097022410007
0.21021021021021022,0.5000180017529584,322.74095221179186
0.24024024024024024,0.500017943333415,322.7409364037015
0.2702702702702703,0.5000178848935559,322.7409217997155
0.3003003003003003,0.5000178252545399,322.7409079267528
0.3303303303303303,0.5000177622623645,322.7408943845998
0.36036036036036034,0.5000176952067632,322.7408809531686
0.39039039039039036,0.5000176240263338,322.7408674895785
0.42042042042042044,0.5000175486596736,322.7408538749032
0.45045045045045046,0.5000174690453804,322.74084000948886
0.4804804804804805,0.5000173851683886,322.74082579134557
0.5105105105105106,0.5000172971309993,322.74081111886017
0.5405405405405406,0.5000172050067321,322.7407959332647
0.5705705705705706,0.5000171088675092,322.74078017917674
0.6006006006006006,0.5000170087852521,322.7407638031771
0.6306306306306306,0.5000169048519326,322.74074674916653
0.6606606606606606,0.5000167973095179,322.74072892532934
0.6906906906906907,0.5000166862066919,322.7407102702165
0.7207207207207207,0.5000165715381297,322.74069073183887
0.7507507507507507,0.5000164532985061,322.7406702571987
0.7807807807807807,0.500016331482496,322.7406487921708
0.8108108108108109,0.5000162060847744,322.74062628138483
0.8408408408408409,0.500016077100016,322.7406026681096
0.8708708708708709,0.500015944522896,322.74057789413973
0.9009009009009009,0.500015808348089,322.74055189968516
0.9309309309309309,0.5000156685563477,322.74052461724966
0.960960960960961,0.5000155249710334,322.7404959124535
0.990990990990991,0.5000153775023448,322.74046569196884
1.021021021021021,0.5000152261021125,322.7404338782109
1.0510510510510511,0.5000150707221671,322.7404003905777
1.0810810810810811,0.5000149113143394,322.740365145347
1.1111111111111112,0.5000147478304602,322.74032805557295
1.1411411411411412,0.50001458022236,322.74028903098036
1.1711711711711712,0.5000144084418696,322.7402479778596
1.2012012012012012,0.5000142324408198,322.7402047989579
1.2312312312312312,0.5000140521388419,322.74015938392387
1.2612612612612613,0.5000138670479011,322.74011149529764
1.2912912912912913,0.5000136769610971,322.7400609655354
1.3213213213213213,0.500013481805511,322.740007659994
1.3513513513513513,0.5000132815082236,322.73995143835106
1.3813813813813813,0.5000130759963155,322.7398921544265
1.4114114114114114,0.5000128651968678,322.7398296560042
1.4414414414414414,0.5000126490369613,322.7397637846494
1.4714714714714714,0.5000124274436767,322.73969437552427
1.5015015015015014,0.500012200344095,322.7396212572
1.5315315315315314,0.500011967665297,322.73954425146565
1.5615615615615615,0.5000117293343637,322.73946317313727
1.5915915915915917,0.5000114852783756,322.7393778298606
1.6216216216216217,0.5000112349734879,322.73928784228576
1.6516516516516517,0.5000109778152867,322.7391927705951
1.6816816816816818,0.5000107137000751,322.73909235289426
1.7117117117117118,0.5000104425246586,322.7389863162208
1.7417417417417418,0.5000101641858428,322.738874375999
1.7717717717717718,0.5000098785804331,322.7387562356847
1.8018018018018018,0.5000095856052351,322.7386315864044
1.8318318318318318,0.5000092851570543,322.73850010658873
1.8618618618618619,0.5000089771326961,322.73836146160085
1.8918918918918919,0.5000086614289662,322.7382153033581
1.921921921921922,0.5000083379426699,322.7380612699519
1.951951951951952,0.500008006570613,322.73789898525513
1.981981981981982,0.500007666959914,322.7377279197581
2.012012012012012,0.5000073179906455,322.73754707489144
2.042042042042042,0.5000069594148058,322.73735588270563
2.0720720720720722,0.5000065910874382,322.73715380863797
2.1021021021021022,0.5000062128635868,322.7369402951138
2.1321321321321323,0.5000058245982952,322.7367147608371
2.1621621621621623,0.5000054261466075,322.7364766000677
2.1921921921921923,0.5000050173635672,322.73622518189006
2.2222222222222223,0.5000045981042182,322.7359598494681
2.2522522522522523,0.5000041682236043,322.7356799192915
2.2822822822822824,0.5000037275767693,322.73538468040977
2.3123123123123124,0.500003276018757,322.735073393654
2.3423423423423424,0.5000028133505475,322.7347452486469
2.3723723723723724,0.500002338203852,322.7343984616985
2.4024024024024024,0.5000018498864423,322.7340316647848
2.4324324324324325,0.5000013481996144,322.7336438212326
2.4624624624624625,0.5000008329446638,322.7332338497618
2.4924924924924925,0.5000003039228867,322.73280062311693
2.5225225225225225,0.49999976093557874,322.73234296667385
2.5525525525525525,0.4999992037840357,322.7318596570263
2.5825825825825826,0.49999863226955343,322.7313494205515
2.6126126126126126,0.49999804619342775,322.73081093195464
2.6426426426426426,0.4999974453569543,322.7302428127902
2.6726726726726726,0.4999968294384262,322.72964349866606
2.7027027027027026,0.4999961966924045,322.72900979082476
2.7327327327327327,0.49999554640433874,322.72833940230396
2.7627627627627627,0.4999948783116786,322.72763043656295
2.7927927927927927,0.4999941921518741,322.7268809159653
2.8228228228228227,0.49999348766237506,322.7260887793144
2.8528528528528527,0.49999276458063124,322.72525187934946
2.8828828828828827,0.4999920226440927,322.7243679802064
2.9129129129129128,0.4999912615902095,322.723434754839
2.942942942942943,0.49999048115643113,322.72244978240246
2.972972972972973,0.4999896803980959,322.72140957649844
3.003003003003003,0.4999888571658965,322.72030867965475
3.033033033033033,0.49998801101482654,322.71914377356575
3.063063063063063,0.49998714160213303,322.71791154379
3.093093093093093,0.49998624858506335,322.7166085343065
3.123123123123123,0.4999853316208647,322.71523114322645
3.1531531531531534,0.4999843903667843,322.71377561844025
3.1831831831831834,0.49998342448006966,322.7122380531995
3.2132132132132134,0.49998243361796757,322.7106143816373
3.2432432432432434,0.4999814174377256,322.7089003742205
3.2732732732732734,0.49998037404264467,322.7070886882466
3.3033033033033035,0.49997930138533664,322.7051711743837
3.3333333333333335,0.49997819902864776,322.70314233802526
3.3633633633633635,0.49997706653573565,322.7009964501571
3.3933933933933935,0.4999759034697584,322.6987275396762
3.4234234234234235,0.49997470939387434,322.69632938618366
3.4534534534534536,0.499973483871241,322.69379551266877
3.4834834834834836,0.4999722264650168,322.6911191780902
3.5135135135135136,0.49997093617015287,322.6882920099597
3.5435435435435436,0.49996960964483783,322.6852994434368
3.5735735735735736,0.49996824594795364,322.68213187306986
3.6036036036036037,0.49996684453007456,322.6787802297347
3.6336336336336337,0.49996540484177526,322.675235058276
3.6636636636636637,0.4999639263336299,322.67148650594834
3.6936936936936937,0.4999624084562132,322.6675243106886
3.7237237237237237,0.4999608506600993,322.6633377892229
3.7537537537537538,0.4999592523958627,322.65891582501155
3.7837837837837838,0.49995761151860646,322.65424187242365
3.813813813813814,0.49995592453245197,322.6492940008163
3.843843843843844,0.49995419070434294,322.6440578182815
3.873873873873874,0.4999524093591437,322.6385185040636
3.903903903903904,0.49995057982171887,322.632660614795
3.933933933933934,0.49994870141693326,322.62646806625435
3.963963963963964,0.49994677346965144,322.6199241148756
3.993993993993994,0.4999447951534946,322.61301075433784
4.024024024024024,0.4999427622087825,322.6056955456778
4.054054054054054,0.4999406723397421,322.5979516880482
4.084084084084084,0.49993852473274214,322.58975703755556
4.114114114114114,0.49993631857415083,322.5810885157428
4.1441441441441444,0.4999340530503372,322.5719220822268
4.1741741741741745,0.49993172734766944,322.5622327069799
4.2042042042042045,0.4999293406525164,322.55199434226154
4.2342342342342345,0.4999268914936231,322.54117662707034
4.2642642642642645,0.4999243745740516,322.5297281534002
4.2942942942942945,0.4999217881200091,322.5176122052204
4.324324324324325,0.49991913117751197,322.50479464212174
4.354354354354355,0.49991640279257704,322.4912399057896
4.384384384384385,0.49991360201122054,322.4769109797393
4.414414414414415,0.4999107278794594,322.46176934859045
4.444444444444445,0.49990777850255125,322.445769065024
4.474474474474475,0.49990474800248397,322.4288361576358
4.504504504504505,0.4999016346026014,322.4109183794642
4.534534534534535,0.4998984372171406,322.39196568300173
4.564564564564565,0.49989515476033913,322.3719259666872
4.594594594594595,0.4998917861464337,322.35074501824533
4.624624624624625,0.49988833028966195,322.3283664574949
4.654654654654655,0.4998847849831372,322.30472302854054
4.684684684684685,0.4998811433423662,322.27970723847625
4.714714714714715,0.4998774032492921,322.2532431121619
4.744744744744745,0.49987356337535055,322.22525774383223
4.774774774774775,0.49986962239197713,322.19567528463284
4.804804804804805,0.4998655789706073,322.1644168647521
4.834834834834835,0.4998614317826766,322.1314005150592
4.864864864864865,0.4998571781768054,322.0965293820244
4.894894894894895,0.49985281013825894,322.0596531228154
4.924924924924925,0.4998483252447461,322.02066329624915
4.954954954954955,0.49984372197361726,321.9794551777831
4.984984984984985,0.49983899880222293,321.93591992351827
5.015015015015015,0.49983415420791283,321.88994446793834
5.045045045045045,0.49982918562786965,321.84140035275533
5.075075075075075,0.49982408434126624,321.7900855613747
5.105105105105105,0.4998188473615712,321.73584821650496
5.135135135135135,0.4998134730576957,321.6785450066229
5.165165165165165,0.4998079597985516,321.61802709277424
5.195195195195195,0.49980230595305003,321.5541399803465
5.225225225225225,0.49979650984695845,321.4867227553285
5.255255255255255,0.49979056420282725,321.4155232155453
5.285285285285285,0.49978446335320253,321.34029739553057
5.315315315315315,0.4997782055456065,321.26085006619627
5.345345345345345,0.4997717890275616,321.17697864026474
5.375375375375375,0.4997652120465902,321.08847301737495
5.405405405405405,0.4997584728502144,320.99511543210855
5.435435435435435,0.499751567368593,320.8966322987103
5.465465465465465,0.4997444876421772,320.79265219642076
5.495495495495495,0.4997372315756854,320.6829071195327
5.525525525525525,0.49972979741340035,320.5671264391725
5.555555555555555,0.4997221833996045,320.4450299383817
5.585585585585585,0.49971438768504906,320.3163251223008
5.615615615615615,0.49970640362085605,320.18057153163466
5.645645645645645,0.49969822712082945,320.0373637877541
5.675675675675675,0.4996898570348534,319.88636051159614
5.7057057057057055,0.49968129221281243,319.7272089071221
5.7357357357357355,0.499672531504591,319.55954463733565
5.7657657657657655,0.49966357344784823,319.3829714427639
5.7957957957957955,0.4996544139942756,319.19690206121135
5.8258258258258255,0.4996450514775739,319.0008701250667
5.8558558558558556,0.499635484986301,318.79444345873515
5.885885885885886,0.49962571360901564,318.5771771623584
5.915915915915916,0.49961573643427615,318.34861361615236
5.945945945945946,0.4996055514918168,318.10822477500426
5.975975975975976,0.49959515451390685,317.8553101220338
6.006006006006006,0.49958454532397295,317.58933813692107
6.036036036036036,0.49957372412179574,317.30978331749736
6.066066066066066,0.49956269110715645,317.0161076020225
6.096096096096096,0.49955144647983535,316.70776064659816
6.126126126126126,0.49953999370670454,316.38408034537133
6.156156156156156,0.499528339743372,316.0443357443493
6.186186186186186,0.49951648750602856,315.68794377902384
6.216216216216216,0.4995044398512104,315.31431432277986
6.246246246246246,0.4994921996354541,314.92284884512674
6.276276276276277,0.4994797699247522,314.51294040120865
6.306306306306307,0.49946717255281087,314.0839091641371
6.336336336336337,0.4994544232220405,313.6351115462877
6.366366366366367,0.4994415255098053,313.1659513935528
6.396396396396397,0.4994284829934698,312.67583157180223
6.426426426426427,0.49941530154054664,312.16415874875344
6.456456456456457,0.4994020050350158,311.6303783619345
6.486486486486487,0.4993886036136394,311.07393773422905
6.516516516516517,0.49937510306498956,310.4942865410586
6.546546546546547,0.4993615091776384,309.89088356683817
6.576576576576577,0.49934783249188,309.26322432606605
6.606606606606607,0.4993341172008121,308.6110262645225
6.636636636636637,0.49932038048938193,307.9339292102923
6.666666666666667,0.4993066318496705,307.23156001004907
6.696696696696697,0.4992928828476409,306.503609459302
6.726726726726727,0.49927916751525514,305.7502419407172
6.756756756756757,0.49926550197888586,304.97141563411657
6.786786786786787,0.4992518951256872,304.16700622339744
6.816816816816817,0.49923837429200296,303.33729473425524
6.846846846846847,0.4992249735375992,302.48277244106885
6.876876876876877,0.499211703647553,301.6035382958444
6.906906906906907,0.49919857843002347,300.69980542135426
6.936936936936937,0.49918564460803216,299.7726267971467
6.966966966966967,0.4991729173977223,298.82259825428514
6.996996996996997,0.4991604001656814,297.85013631930036
7.027027027027027,0.4991481049802102,296.85611406007007
7.057057057057057,0.4991360563650592,295.84209369033806
7.087087087087087,0.49912425946759414,294.80886701131294
7.117117117117117,0.4991127191091435,293.7578150768203
7.147147147147147,0.4991014398017768,292.6909221432704
7.177177177177177,0.4990904244694729,291.60926309261674
7.207207207207207,0.49907968004718267,290.51445539546086
7.237237237237237,0.49906922488843575,289.4091022035707
7.267267267267267,0.4990590713937167,288.2945915472574
7.297297297297297,0.4990492330689996,287.1726300988825
7.327327327327327,0.499039726889582,286.0460720753227
7.357357357357357,0.4990305619708465,284.9165180933771
7.387387387387387,0.49902174161221663,283.78610817597956
7.4174174174174174,0.4990132525431364,282.65747911622935
7.4474474474474475,0.4990050803634608,281.5321278374841
7.4774774774774775,0.4989971860560706,280.4124862416308
7.5075075075075075,0.49898953642234645,279.3008740783402
7.5375375375375375,0.49898212177876955,278.19876907075525
7.5675675675675675,0.498974924441864,277.10874208692275
7.597597597597598,0.4989679277096323,276.03272628636756
7.627627627627628,0.4989611128068534,274.97243005802767
7.657657657657658,0.4989544543818006,273.93025247827194
7.687687687687688,0.49894794564745854,272.9074645443708
7.717717717717718,0.4989415738949178,271.906045323798
7.747747747747748,0.4989353302761235,270.9274831147397
7.777777777777778,0.4989292093118375,269.9728311574386
7.807807807807808,0.49892319640982236,269.0436560669319
7.837837837837838,0.49891727616745407,268.14060689844257
7.867867867867868,0.4989114169882511,267.2645980617565
7.897897897897898,0.49890559342837926,266.4163282182842
7.927927927927928,0.4988997966753411,265.59601414032187
7.957957957957958,0.49889401447143883,264.80417797677916
7.987987987987988,0.4988882380574467,264.0407831542304
8.018018018018019,0.4988824547947413,263.30576385571777
8.048048048048049,0.4988766502071363,262.59899309856866
8.078078078078079,0.4988708170952907,261.9200019954899
8.108108108108109,0.498864954384177,261.2683775492232
8.138138138138139,0.4988590639394217,260.64348573611574
8.168168168168169,0.49885314913300255,260.0445964131515
8.198198198198199,0.49884721167605894,259.47087377651474
8.228228228228229,0.49884125043489186,258.9213656026912
8.258258258258259,0.4988352595042387,258.3950175946971
8.288288288288289,0.49882923044798466,257.8907861378726
8.318318318318319,0.4988231514046913,257.4074792676603
8.348348348348349,0.4988170187359962,256.9440030288817
8.378378378378379,0.4988108298202216,256.4991646589301
8.408408408408409,0.49880458323330235,256.07183399409206
8.438438438438439,0.4987982762277647,255.6609395755899
8.468468468468469,0.49879190150013825,255.26534819345252
8.498498498498499,0.49878545617944053,254.88408365343693
8.528528528528529,0.4987789360082579,254.51606592040088
8.558558558558559,0.49877234273962234,254.16039410316174
8.588588588588589,0.49876568380041225,253.8161181596291
8.618618618618619,0.49875896877404535,253.48237709829027
8.64864864864865,0.498752206767339,253.1583841226372
8.67867867867868,0.4987454068742908,252.84333279921645
8.70870870870871,0.498738573828391,252.53659138305537
8.73873873873874,0.49873172048276276,252.23749178015046
8.76876876876877,0.4987248519246729,251.94551817263348
8.7987987987988,0.498717969499909,251.66016554131275
8.82882882882883,0.4987110733617172,251.38100941860915
8.85885885885886,0.49870416542583806,251.10768911440346
8.88888888888889,0.4986972520483297,250.83986446757743
8.91891891891892,0.49869033846213245,250.57726699111907
8.94894894894895,0.49868343392382375,250.31962108325519
8.97897897897898,0.4986765480789106,250.06670351384258
9.00900900900901,0.49866969668224015,249.8183147314852
9.03903903903904,0.49866290474411135,249.57427580619913
9.06906906906907,0.4986561860033126,249.3344493500397
9.0990990990991,0.49864957050328573,249.09870668341392
9.12912912912913,0.4986430745469204,248.86694549513507
9.15915915915916,0.4986367044299362,248.6390767907003
9.18918918918919,0.4986304560608121,248.4150256070351
9.21921921921922,0.4986243290942135,248.19471524501603
9.24924924924925,0.498618333230858,247.9780727922536
9.27927927927928,0.49861248694330346,247.7650334158048
9.30930930930931,0.49860679932899266,247.55552911273767
9.33933933933934,0.4986012891209821,247.3494892725352
9.36936936936937,0.4985959620243163,247.14683044329854
9.3993993993994,0.498590814309937,246.9474594424041
9.42942942942943,0.49858583438834814,246.7512523700517
9.45945945945946,0.4985810180663366,246.55808958073106
9.48948948948949,0.4985763647638811,246.36785518630657
9.51951951951952,0.49857187268577946,246.18039767726037
9.54954954954955,0.4985675473502216,245.99559154358872
9.57957957957958,0.49856339679898387,245.8133280175647
9.60960960960961,0.49855942176929563,245.6334753813412
9.63963963963964,0.49855561224060985,245.4558993571384
9.66966966966967,0.4985519604743224,245.280487161634
9.6996996996997,0.4985484583177523,245.10711292888675
9.72972972972973,0.4985450996809861,244.93563909264844
9.75975975975976,0.49854188168765917,244.76596417444316
9.78978978978979,0.4985387988865661,244.59798289404802
9.81981981981982,0.4985358350335394,244.4315675542131
9.84984984984985,0.4985329839778494,244.26663026391188
9.87987987987988,0.4985302404782493,244.10309026509498
9.90990990990991,0.498527592228597,243.94085376374088
9.93993993993994,0.49852503495560646,243.7798541395038
9.96996996996997,0.49852256709300546,243.62003589498465
10.0,0.49852017901221424,243.46133245913387
10.03003003003003,0.4985178629135984,243.30369122048359
10.06006006006006,0.498515615641847,243.14707384467047
10.09009009009009,0.4985134303180834,242.99144068243362
10.12012012012012,0.49851129934578575,242.83675711192635
10.15015015015015,0.4985092207500435,242.68299948203165
10.18018018018018,0.49850719117780556,242.5301454796892
10.21021021021021,0.4985052045580397,242.37817489893584
10.24024024024024,0.4985032586813764,242.22707306234867
10.27027027027027,0.49850135102677906,242.0768267155
10.3003003003003,0.4984994760723607,241.92742386924638
10.33033033033033,0.49849763217960924,241.778855062835
10.36036036036036,0.4984958185158174,241.63111189689917
10.39039039039039,0.4984940329939942,241.4841898648725
10.42042042042042,0.4984922739599298,241.3380863815849
10.45045045045045,0.49849054083590594,241.19279773801813
10.48048048048048,0.4984888328824406,241.04832138974385
10.51051051051051,0.4984871481219453,240.9046607065507
10.54054054054054,0.4984854856944332,240.76181594118646
10.57057057057057,0.49848384507322707,240.6197864441457
10.6006006006006,0.49848222555969113,240.47857287658866
10.63063063063063,0.4984806249959816,240.33818639174848
10.66066066066066,0.4984790430027267,240.1986316219801
10.69069069069069,0.4984774797482447,240.05991060086737
10.72072072072072,0.4984759354005482,239.92202556688093
10.75075075075075,0.49847440997673276,239.78498862781373
10.78078078078078,0.4984729033137597,239.64881042172408
10.81081081081081,0.49847141527995353,239.5134941001443
10.84084084084084,0.4984699457436384,239.37904288444017
10.87087087087087,0.49846849479797073,239.24546172425482
10.9009009009009,0.49846706463537055,239.11277124673154
10.93093093093093,0.4984656557714087,238.9809797721521
10.96096096096096,0.4984642681168859,238.85009112372467
10.99099099099099,0.49846290158260287,238.72010908277767
11.02102102102102,0.49846155603187436,238.5910386745931
11.05105105105105,0.49846023098384196,238.46289523004398
11.08108108108108,0.4984589263839499,238.33568412945255
11.11111111111111,0.4984576422943674,238.20940761925092
11.14114114114114,0.49845637877726306,238.08406781679815
11.17117117117117,0.4984551358791057,237.959667564774
11.2012012012012,0.4984539134691842,237.83621875559086
11.23123123123123,0.4984527115297469,237.7137258643558
11.26126126126126,0.49845153009400167,237.5921902993673
11.29129129129129,0.4984503691951564,237.47161330810744
11.32132132132132,0.49844922886641896,237.35199597169776
11.35135135135135,0.4984481095850385,237.23334597936758
11.381381381381381,0.4984470120343492,237.1156728786544
11.411411411411411,0.4984459363938615,236.99897765823226
11.441441441441441,0.4984448828413567,236.88326104679575
11.471471471471471,0.4984438515546162,236.7685235285319
11.501501501501501,0.49844284268260525,236.6547672071271
11.531531531531531,0.49844185619998055,236.54200200799136
11.561561561561561,0.49844089214293646,236.43022879301546
11.591591591591591,0.49843995056624446,236.3194466255099
11.621621621621621,0.49843903152467517,236.20965428249303
11.651651651651651,0.49843813507286633,236.10085025382915
11.681681681681681,0.49843726078304623,235.99303994336125
11.711711711711711,0.4984364081210943,235.8862275063269
11.741741741741741,0.49843557693722895,235.78040986744617
11.771771771771771,0.49843476708166806,235.67558367048449
11.801801801801801,0.49843397840462966,235.5717452790775
11.831831831831831,0.498433210723602,235.46889084162092
11.861861861861861,0.49843246293191135,235.36701739243895
11.891891891891891,0.49843173441982425,235.26611926906273
11.921921921921921,0.4984310250141597,235.16618954586153
11.951951951951951,0.4984303345417368,235.06722109912903
11.981981981981981,0.49842966282937423,234.9692066123552
12.012012012012011,0.49842900949083796,234.8721380421541
12.042042042042041,0.4984283723853537,234.7760029253315
12.072072072072071,0.49842775062215583,234.68079222655444
12.102102102102101,0.4984271437293261,234.58649787847867
12.132132132132131,0.4984265512349468,234.49311168481228
12.162162162162161,0.49842597266709976,234.40062532754072
12.192192192192191,0.49842540730468626,234.30902930524098
12.222222222222221,0.4984248538675333,234.2183108658281
12.252252252252251,0.4984243122008317,234.12846104687142
12.282282282282281,0.4984237822641093,234.0394712278714
12.312312312312311,0.4984232640168943,233.95133268972316
12.342342342342342,0.49842275741871467,233.86403662272102
12.372372372372372,0.49842226225291636,233.77757163928882
12.402402402402402,0.4984217781084858,233.69192380162468
12.432432432432432,0.4984213049097783,233.6070840833027
12.462462462462462,0.4984208425912996,233.5230435367226
12.492492492492492,0.498420391087555,233.43979315106003
12.522522522522523,0.49841995033305,233.3573238588047
12.552552552552553,0.49841951965780784,233.27562290469015
12.582582582582583,0.49841909831929393,233.1946774130585
12.612612612612613,0.4984186862199096,233.1144785395347
12.642642642642643,0.4984182832623281,233.0350174032184
12.672672672672673,0.498417889349223,232.95628509114414
12.702702702702704,0.49841750438326754,232.87827266548024
12.732732732732734,0.4984171281655284,232.80096813920062
12.762762762762764,0.4984167604099491,232.7243562233779
12.792792792792794,0.4984164010450287,232.64842747084853
12.822822822822824,0.49841605000544054,232.57317263714594
12.852852852852854,0.49841570722585793,232.49858250915003
12.882882882882884,0.49841537264095365,232.42464791030088
12.912912912912914,0.4984150460622043,232.35135793920443
12.942942942942944,0.4984147268743076,232.2786962455125
12.972972972972974,0.4984144148814545,232.20665334899752
13.003003003003004,0.4984141099435211,232.13522064756492
13.033033033033034,0.4984138119203838,232.06438958111926
13.063063063063064,0.49841352067191874,231.99415163542452
13.093093093093094,0.49841323598379345,231.9244976315755
13.123123123123124,0.49841295698484783,231.85541206708464
13.153153153153154,0.4984126833895517,231.7868850335886
13.183183183183184,0.49841241510934375,231.7189085589631
13.213213213213214,0.4984121520556626,231.65147472231274
13.243243243243244,0.4984118941399467,231.58457565669906
13.273273273273274,0.4984116412736347,231.51820355217183
13.303303303303304,0.4984113931378227,231.45234610553797
13.333333333333334,0.49841114941913905,231.38699101099166
13.363363363363364,0.49841091005923877,231.32213096968542
13.393393393393394,0.49841067499983344,231.2577587398301
13.423423423423424,0.4984104441826345,231.19386713740133
13.453453453453454,0.49841021754935355,231.13044903818758
13.483483483483484,0.4984099949498903,231.06749574658792
13.513513513513514,0.4984097759192406,231.00499332427717
13.543543543543544,0.49840956032765865,230.94293424640557
13.573573573573574,0.4984093480900351,230.88131185924584
13.603603603603604,0.4984091391212602,230.82011956677505
13.633633633633634,0.4984089333362247,230.75935083168798
13.663663663663664,0.49840873064981894,230.6989991765506
13.693693693693694,0.4984085307605295,230.6390552337944
13.723723723723724,0.4984083332206683,230.57950752011203
13.753753753753754,0.49840813798759825,230.52034999170576
13.783783783783784,0.49840794502693,230.4615767705004
13.813813813813814,0.4984077543042742,230.40318203349042
13.843843843843844,0.4984075657852418,230.3451600132858
13.873873873873874,0.49840737943477187,230.28750496738422
13.903903903903904,0.4984071951240675,230.23020675020115
13.933933933933934,0.4984070127600588,230.17325667529505
13.963963963963964,0.4984068323201808,230.11664934705587
13.993993993993994,0.49840665378186894,230.0603794201896
14.024024024024024,0.4984064771225585,230.00444159984997
14.054054054054054,0.49840630231968464,229.94883064189858
14.084084084084084,0.49840612934508116,229.89354105818046
14.114114114114114,0.4984059580725707,229.83856248685143
14.144144144144144,0.49840578843274497,229.7838881639222
14.174174174174174,0.49840562039262176,229.72951336227308
14.204204204204204,0.4984054539192191,229.67543339650373
14.234234234234235,0.4984052889795555,229.6216436230156
14.264264264264265,0.4984051255406487,229.56813944020482
14.294294294294295,0.4984049635663013,229.51491620404906
14.324324324324325,0.4984048028546099,229.46196502027263
14.354354354354355,0.4984046432719275,229.4092790492507
14.384384384384385,0.49840448477819416,229.35685399535842
14.414414414414415,0.4984043273333502,229.30468560230864
14.444444444444445,0.4984041708973359,229.25276965308748
14.474474474474475,0.4984040154300917,229.2011019699655
14.504504504504505,0.49840386089155747,229.14967841458235
14.534534534534535,0.4984037071470923,229.09849324272608
14.564564564564565,0.4984035538934865,229.04753761058328
14.594594594594595,0.49840340110732195,228.99680735884667
14.624624624624625,0.49840324878420184,228.946298686098
14.654654654654655,0.4984030969197288,228.896007824398
14.684684684684685,0.4984029455095058,228.84593103913488
14.714714714714715,0.49840279454913583,228.79606462896203
14.744744744744745,0.4984026440285352,228.74640476721675
14.774774774774775,0.49840249379545815,228.6969438693295
14.804804804804805,0.4984023437691192,228.6476768224865
14.834834834834835,0.49840219393001833,228.5986003210984
14.864864864864865,0.49840204425865614,228.54971108922754
14.894894894894895,0.4984018947355328,228.50100588038873
14.924924924924925,0.4984017453411487,228.45248147739142
14.954954954954955,0.498401596056004,228.4041346922236
14.984984984984985,0.49840144683516485,228.3559618199514
15.015015015015015,0.49840129750149575,228.3079562713064
15.045045045045045,0.49840114802289126,228.26011447576562
15.075075075075075,0.4984009983973706,228.21243352417835
15.105105105105105,0.49840084862295325,228.16491053088308
15.135135135135135,0.49840069869765824,228.11754263351983
15.165165165165165,0.4984005486195052,228.07032699290454
15.195195195195195,0.49840039838651357,228.02326079295406
15.225225225225225,0.4984002479997856,227.9763401652095
15.255255255255255,0.4984000974623309,227.92955963589
15.285285285285285,0.4983999467666634,227.88291647451894
15.315315315315315,0.498399795904817,227.8364081144433
15.345345345345345,0.4983996448688253,227.79003200790342
15.375375375375375,0.49839949365072195,227.74378562589237
15.405405405405405,0.49839934224254046,227.69766645805709
15.435435435435435,0.49839919063631455,227.65167201263858
15.465465465465465,0.4983990388237589,227.60579981134114
15.495495495495495,0.4983988866476579,227.56004505609596
15.525525525525525,0.4983987339687358,227.51440343382177
15.555555555555555,0.4983985807680193,227.46887261751485
15.585585585585585,0.49839842702653536,227.42345029643397
15.615615615615615,0.4983982727253106,227.37813417590345
15.645645645645645,0.498398117845372,227.3329219771557
15.675675675675675,0.49839796236774647,227.28781143721287
15.705705705705705,0.49839780627346075,227.2428003088063
15.735735735735735,0.4983976495299527,227.1978861446054
15.765765765765765,0.49839749197614824,227.1530643914125
15.795795795795796,0.4983973335747627,227.10833231290763
15.825825825825826,0.49839717433152936,227.0636878519064
15.855855855855856,0.49839701425218147,227.01912896480778
15.885885885885886,0.49839685334245193,226.97465362139113
15.915915915915916,0.4983966916080743,226.9302598046418
15.945945945945946,0.49839652905478166,226.8859455106
15.975975975975976,0.49839636568830725,226.84170874823593
16.006006006006007,0.4983962015788769,226.797546989611
16.036036036036037,0.49839603693526174,226.753456593565
16.066066066066067,0.49839587178356914,226.70943554710024
16.096096096096097,0.498395706135741,226.66548197005562
16.126126126126128,0.4983955400037196,226.62159399215162
16.156156156156158,0.4983953733994466,226.57776975282425
16.186186186186188,0.49839520633486417,226.53400740108617
16.216216216216218,0.4983950388219142,226.49030509541433
16.246246246246248,0.498394870872539,226.4466610036644
16.276276276276278,0.49839470257166496,226.4030725506254
16.306306306306308,0.49839453411852935,226.35953596505018
16.336336336336338,0.4983943655286227,226.31604935218917
16.366366366366368,0.4983941968074419,226.27261092785545
16.396396396396398,0.49839402796048304,226.22921891590087
16.426426426426428,0.498393858993243,226.18587154809504
16.456456456456458,0.4983936899112178,226.1425670640232
16.486486486486488,0.4983935207199043,226.09930371100103
16.516516516516518,0.4983933514247987,226.056079744008
16.546546546546548,0.4983931820347431,226.01289334020598
16.576576576576578,0.4983930126256244,225.96974095579017
16.606606606606608,0.49839284322828215,225.92662016352094
16.636636636636638,0.4983926738444181,225.88352928004298
16.666666666666668,0.49839250447573424,225.84046662739934
16.696696696696698,0.4983923351239325,225.79743053289152
16.726726726726728,0.4983921657907146,225.75441932895708
16.756756756756758,0.49839199647778265,225.71143135306423
16.786786786786788,0.49839182718683817,225.66846494762513
16.816816816816818,0.49839165791958356,225.62551845992454
16.846846846846848,0.4983914885675091,225.5825894880928
16.876876876876878,0.49839131887286675,225.53967473740602
16.906906906906908,0.49839114880142044,225.49677255502925
16.936936936936938,0.4983909783277043,225.45388135342802
16.966966966966968,0.4983908074262524,225.41099954831117
16.996996996996998,0.4983906360715985,225.3681255585198
17.027027027027028,0.49839046423827715,225.32525780593315
17.057057057057058,0.4983902919008222,225.28239471539473
17.087087087087088,0.4983901190337677,225.2395347146536
17.117117117117118,0.4983899456076371,225.1966761820278
17.147147147147148,0.498389771475406,225.1538159924361
17.177177177177178,0.498389596550793,225.11095188570877
17.207207207207208,0.49838942080321363,225.06808234080955
17.237237237237238,0.49838924420208336,225.0252058382032
17.26726726726727,0.4983890667168178,224.98232085973984
17.2972972972973,0.49838888831683226,224.93942588855742
17.32732732732733,0.49838870897154225,224.896519408999
17.35735735735736,0.49838852865036326,224.85359990654504
17.38738738738739,0.498388347322711,224.81066586776248
17.41741741741742,0.49838816492790144,224.76771554378473
17.44744744744745,0.4983879812335279,224.7247458216302
17.47747747747748,0.4983877961808108,224.68175492661862
17.50750750750751,0.49838760975039464,224.63874139171844
17.53753753753754,0.4983874219229249,224.5957037497996
17.56756756756757,0.498387232679046,224.55264053357848
17.5975975975976,0.49838704199940304,224.50955027557566
17.62762762762763,0.4983868498646407,224.46643150808777
17.65765765765766,0.4983866562554043,224.42328276317275
17.68768768768769,0.49838646115233837,224.38010257264872
17.71771771771772,0.4983862645349897,224.33688945993953
17.74774774774775,0.49838606623877946,224.2936409128117
17.77777777777778,0.49838586612853597,224.25035475815682
17.80780780780781,0.49838566416487057,224.20702955929485
17.83783783783784,0.49838546030839465,224.1636638787119
17.86786786786787,0.4983852545197194,224.1202562780102
17.8978978978979,0.49838504675945594,224.0768053178687
17.92792792792793,0.4983848369882158,224.03330955802087
17.95795795795796,0.49838462516661,223.98976755724215
17.98798798798799,0.49838441125524985,223.94617787335343
18.01801801801802,0.498384195214747,223.90253906323684
18.04804804804805,0.49838397696400416,223.85884950402894
18.07807807807808,0.4983837562659756,223.81510682828133
18.10810810810811,0.49838353309873856,223.77130948096772
18.13813813813814,0.4983833074734907,223.72745604103045
18.16816816816817,0.49838307940143006,223.68354508615857
18.1981981981982,0.49838284889375417,223.6395751927451
18.22822822822823,0.4983826159616606,223.59554493586128
18.25825825825826,0.4983823806163475,223.55145288925007
18.28828828828829,0.4983821428690124,223.50729762533126
18.31831831831832,0.49838190273085275,223.46307771522822
18.34834834834835,0.4983816602130667,223.41879172880746
18.37837837837838,0.4983814154420228,223.37443765755847
18.40840840840841,0.4983811685387395,223.33001342873226
18.43843843843844,0.49838091948884367,223.28551759827687
18.46846846846847,0.4983806682778906,223.24094872070177
18.4984984984985,0.49838041489143625,223.19630534871376
18.52852852852853,0.4983801593150361,223.151586033214
18.55855855855856,0.4983799015342457,223.10678932331086
18.58858858858859,0.4983796415346205,223.06191376634652
18.61861861861862,0.4983793793017162,223.01695790794045
18.64864864864865,0.4983791148210884,222.9719202920474
18.67867867867868,0.498378848090414,222.9267993862474
18.70870870870871,0.4983785791999111,222.88159310327862
18.73873873873874,0.49837830816117634,222.83629987133568
18.76876876876877,0.4983780349621381,222.79091826573847
18.7987987987988,0.4983777595907241,222.74544685989974
18.82882882882883,0.4983774820348626,222.69988422533854
18.85885885885886,0.4983772022824816,222.6542289317054
18.88888888888889,0.498376920321509,222.60847954682578
18.91891891891892,0.49837663613987293,222.5626346367561
18.94894894894895,0.4983763497255014,222.51669276585747
18.97897897897898,0.4983760610663224,222.470652496883
19.00900900900901,0.49837577010577827,222.42451190394436
19.03903903903904,0.4983754767454355,222.37826870426247
19.06906906906907,0.49837518095310984,222.33192141502204
19.0990990990991,0.4983748826977958,222.28546856585382
19.12912912912913,0.49837458194848816,222.2389086853664
19.15915915915916,0.4983742786741815,222.19224030122317
19.18918918918919,0.4983739728438707,222.14546194024493
19.21921921921922,0.49837366442655023,222.09857212853348
19.24924924924925,0.4983733533912148,222.05156939161893
19.27927927927928,0.49837303970685914,222.00445225463014
19.30930930930931,0.4983727233410645,221.95721922910866
19.33933933933934,0.4983724042074397,221.90986822998755
19.36936936936937,0.49837208227955965,221.86239749080823
19.3993993993994,0.49837175757216207,221.81480559127073
19.42942942942943,0.49837143009998486,221.76709111177158
19.45945945945946,0.4983710998777658,221.71925263353089
19.48948948948949,0.4983707669202429,221.6712887387384
19.51951951951952,0.49837043124215397,221.62319801071774
19.54954954954955,0.4983700928582369,221.57497903411112
19.57957957957958,0.4983697517832296,221.52663039508343
19.60960960960961,0.49836940803186985,221.4781506815453
19.63963963963964,0.49836906161889566,221.429538483397
19.66966966966967,0.49836871262504506,221.38079225560648
19.6996996996997,0.49836836118220923,221.33191035939535
19.72972972972973,0.49836800729874026,221.2828914241271
19.75975975975976,0.4983676509802309,221.23373408905059
19.78978978978979,0.4983672922322746,221.18443699767727
19.81981981981982,0.4983669310604643,221.1349987980062
19.84984984984985,0.4983665674703934,221.08541814277768
19.87987987987988,0.49836620146765465,221.0356936897541
19.90990990990991,0.49836583305784166,220.98582410203028
19.93993993993994,0.4983654622465472,220.9358080483716
19.96996996996997,0.49836508903936455,220.88564420358074
20.0,0.4983647134501527,220.83533129089454
20.03003003003003,0.49836433557568566,220.78486830974123
20.06006006006006,0.49836395553516016,220.73425414379344
20.09009009009009,0.49836357344393956,220.68348764911605
20.12012012012012,0.4983631894173869,220.63256769100946
20.15015015015015,0.49836280357086543,220.58149314421257
20.18018018018018,0.49836241601973846,220.53026289313965
20.21021021021021,0.49836202687936926,220.478875832148
20.24024024024024,0.4983616362651208,220.4273308658386
20.27027027027027,0.49836124429235673,220.3756269093893
20.3003003003003,0.49836085107643985,220.32376288892107
20.33033033033033,0.49836045674375556,220.27173775859512
20.36036036036036,0.49836006223816165,220.21955174132543
20.39039039039039,0.4983596682002846,220.16720467084284
20.42042042042042,0.49835927475875286,220.11469562984988
20.45045045045045,0.4983588820421949,220.06202371504128
20.48048048048048,0.498358490179239,220.0091880374128
20.51051051051051,0.4983580992985137,219.95618772260553
20.54054054054054,0.4983577095286472,219.90302191128723
20.57057057057057,0.49835732099826796,219.84968975956807
20.6006006006006,0.4983569338360044,219.79619043945576
20.63063063063063,0.49835654817048475,219.74252313934468
20.66066066066066,0.4983561641303376,219.68868706454663
20.69069069069069,0.4983557822226593,219.6346824160229
20.72072072072072,0.49835540342517803,219.5805107951288
20.75075075075075,0.4983550278090364,219.52617163353682
20.78078078078078,0.4983546554060478,219.47166428630536
20.81081081081081,0.4983542862480255,219.41698813073165
20.84084084084084,0.498353920366783,219.36214256674236
20.87087087087087,0.49835355779413343,219.30712701734893
20.9009009009009,0.4983531985618903,219.25194092916817
20.93093093093093,0.498352842701867,219.1965837730057
20.96096096096096,0.4983524902458767,219.14105504450208
20.99099099099099,0.4983521412257328,219.0853542648387
21.02102102102102,0.49835179577190947,219.02948127320394
21.05105105105105,0.49835145490100896,218.97343860137033
21.08108108108108,0.49835111895642453,218.91722690779747
21.11111111111111,0.4983507880429542,218.8608461866
21.14114114114114,0.4983504622653958,218.80429646464688
21.17117117117117,0.49835014172854725,218.7475778019597
21.2012012012012,0.49834982653720655,218.69069029215953
21.23123123123123,0.49834951679617134,218.63363406296455
21.26126126126126,0.4983492126102398,218.57640927673918
21.29129129129129,0.4983489140842096,218.51901613109453
21.32132132132132,0.4983486213248949,218.46145487916
21.35135135135135,0.49834833479216706,218.40372941540915
21.38138138138138,0.49834805480375766,218.34584286822277
21.41141141141141,0.49834778139476926,218.28779577548468
21.44144144144144,0.49834751460030463,218.22958871120863
21.47147147147147,0.49834725445546607,218.17122228573905
21.5015015015015,0.4983470009953562,218.11269714604634
21.53153153153153,0.49834675425507763,218.0540139761212
21.56156156156156,0.4983465142697327,217.99517349746316
21.59159159159159,0.4983462810744242,217.93617646966575
21.62162162162162,0.49834605470425447,217.87702369109755
21.65165165165165,0.49834583581734954,217.81771836662418
21.68168168168168,0.4983456260232528,217.7582668989654
21.71171171171171,0.49834542569352075,217.6986706202047
21.74174174174174,0.4983452351461302,217.63893069669396
21.77177177177177,0.49834505469905793,217.57904834029614
21.8018018018018,0.49834488467028054,217.51902480836014
21.83183183183183,0.49834472537777447,217.458861403782
21.86186186186186,0.49834457713951646,217.39855947515758
21.89189189189189,0.4983444402734834,217.33812041702456
21.92192192192192,0.49834431574403604,217.27754866409268
21.95195195195195,0.4983442048629369,217.21685070802428
21.98198198198198,0.49834410782426103,217.1560282030473
22.01201201201201,0.49834402480519907,217.09508277682852
22.04204204204204,0.49834395598294123,217.03401610617647
22.07207207207207,0.49834390153467806,216.97282991682837
22.1021021021021,0.4983438616375997,216.91152598333525
22.13213213213213,0.49834383646889696,216.8501061290472
22.16216216216216,0.4983438262057599,216.78857222619195
22.19219219219219,0.4983438316515088,216.72693067248014
22.22222222222222,0.49834385370180684,216.66518908599377
22.25225225225225,0.4983438924958564,216.6033500138101
22.28228228228228,0.4983439481715019,216.54141603884008
22.31231231231231,0.49834402086658797,216.47938978840946
22.34234234234234,0.498344110718959,216.41727393347102
22.37237237237237,0.49834421786645966,216.35507118789758
22.4024024024024,0.4983443424469343,216.2927843078529
22.43243243243243,0.49834448459822744,216.2304160912453
22.46246246246246,0.4983446443926828,216.1679728456693
22.49249249249249,0.49834482178980644,216.10546561517884
22.52252252252252,0.4983450168790215,216.04289741993318
22.55255255255255,0.49834522975613604,215.98027095587938
22.58258258258258,0.4983454605169583,215.91758895603226
22.61261261261261,0.4983457092572963,215.8548541892198
22.64264264264264,0.4983459760729583,215.79206945902283
22.67267267267267,0.4983462610597522,215.72923760289785
22.7027027027027,0.49834656431348623,215.6663614914857
22.73273273273273,0.4983468862368031,215.60344566456445
22.762762762762762,0.49834722848508195,215.5405011975844
22.792792792792792,0.49834759154450986,215.47753271210144
22.822822822822822,0.49834797571365064,215.41454384102104
22.852852852852852,0.49834838129106807,215.35153824085367
22.882882882882882,0.49834880857532604,215.28851958908263
22.912912912912912,0.49834925786498835,215.22549158169795
22.942942942942942,0.49834972945861883,215.16245793089234
22.972972972972972,0.4983502241929145,215.09942550853884
23.003003003003002,0.4983507439229452,215.03640755709944
23.033033033033032,0.49835128889848446,214.97340837741666
23.063063063063062,0.4983518592542424,214.91043161198897
23.093093093093092,0.4983524551249291,214.84748090052233
23.123123123123122,0.4983530766452546,214.78455987718328
23.153153153153152,0.498353723949929,214.72167216807154
23.183183183183182,0.4983543971736624,214.65882138891584
23.213213213213212,0.49835509568939146,214.59601464180614
23.243243243243242,0.49835581793761896,214.5332620318368
23.273273273273272,0.4983565636420947,214.47056673083222
23.303303303303302,0.49835733256328146,214.40793171194872
23.333333333333332,0.49835812446164224,214.34535992900342
23.363363363363362,0.4983589390976402,214.2828543145081
23.393393393393392,0.49835977623173794,214.2204177780569
23.423423423423422,0.4983606356243987,214.1580532050549
23.453453453453452,0.49836151628758774,214.09576765672946
23.483483483483482,0.49836241700597717,214.03356998103115
23.513513513513512,0.49836333765513424,213.9714632209016
23.543543543543542,0.498364278118036,213.9094503496292
23.573573573573572,0.4983652382776594,213.8475343088192
23.603603603603602,0.49836621801698106,213.78571800623604
23.633633633633632,0.49836721721897825,213.72400431393748
23.663663663663662,0.4983682357666115,213.66239606681802
23.693693693693692,0.49836927294423833,213.60090046423576
23.723723723723722,0.4983703282171618,213.53952448636548
23.753753753753752,0.4983714017206681,213.47827071443928
23.783783783783782,0.4983724935900432,213.41714168943048
23.813813813813812,0.49837360396057395,213.35613990875848
23.843843843843842,0.4983747329675461,213.2952678234372
23.873873873873872,0.49837588074624617,213.2345278356928
23.903903903903903,0.49837704743196026,213.17392229706905
23.933933933933933,0.4983782331599948,213.1134535072352
23.963963963963963,0.4983794386006391,213.05312903116518
23.993993993993993,0.49838066419190147,212.99295613389344
24.024024024024023,0.4983819097411314,212.93293677278933
24.054054054054053,0.49838317505567903,212.873072851497
24.084084084084083,0.4983844599428939,212.813366217197
24.114114114114113,0.4983857642101259,212.75381865857403
24.144144144144143,0.4983870876237444,212.69443200731348
24.174174174174173,0.49838842843186115,212.63521163673556
24.204204204204203,0.4983897855058945,212.57616072256624
24.234234234234233,0.4983911584610207,212.51728042309944
24.264264264264263,0.4983925469124155,212.45857184136048
24.294294294294293,0.4983939504752548,212.40003602466112
24.324324324324323,0.4983953687647144,212.3416739644682
24.354354354354353,0.4983968013959705,212.2834865965902
24.384384384384383,0.49839824798419874,212.22547480167816
24.414414414414413,0.49839970703607617,212.16764159186323
24.444444444444443,0.49840117664178085,212.10999099239845
24.474474474474473,0.49840265656732674,212.05252383726045
24.504504504504503,0.49840414659319926,211.99524088482576
24.534534534534533,0.49840564649988317,211.93814284553176
24.564564564564563,0.4984071560678636,211.88123038208806
24.594594594594593,0.49840867507762565,211.82450411008037
24.624624624624623,0.49841020330965435,211.76796459897213
24.654654654654653,0.4984117402513411,211.71161280516256
24.684684684684683,0.4984132844615027,211.6554507308477
24.714714714714713,0.49841483547729915,211.59947854858694
24.744744744744743,0.49841639295372975,211.54369620634793
24.774774774774773,0.49841795654579374,211.48810361801014
24.804804804804803,0.4984195259084902,211.43270066409593
24.834834834834833,0.49842110069681855,211.37748719284053
24.864864864864863,0.4984226798965911,211.32246353200375
24.894894894894893,0.4984242616221411,211.26763086117242
24.924924924924923,0.49842584566356846,211.21298925891725
24.954954954954953,0.4984274318895567,211.1585387219282
24.984984984984983,0.4984290201687893,211.1042792203921
25.015015015015017,0.4984306103699495,211.05021069819722
25.045045045045047,0.4984322023617211,210.9963330733991
25.075075075075077,0.4984337959314991,210.94264732547796
25.105105105105107,0.49843539083252236,210.88915487594647
25.135135135135137,0.4984369869470813,210.83585540350344
25.165165165165167,0.49843858415883596,210.78274854400993
25.195195195195197,0.49844018235144594,210.72983390917636
25.225225225225227,0.49844178140857115,210.67711108723913
25.255255255255257,0.49844338121387155,210.62457964389662
25.285285285285287,0.49844498144814253,210.57223954689718
25.315315315315317,0.49844658144936016,210.52009126163853
25.345345345345347,0.4984481809975894,210.46813412562858
25.375375375375377,0.498449779895843,210.41636740840397
25.405405405405407,0.4984513779471336,210.36479036426937
25.435435435435437,0.498452974954474,210.3134022330455
25.465465465465467,0.49845457072087707,210.2622022409718
25.495495495495497,0.4984561649222195,210.21118957968017
25.525525525525527,0.49845775576720475,210.1603631022178
25.555555555555557,0.49845934276127907,210.10972172386423
25.585585585585587,0.49846092594114005,210.059264427385
25.615615615615617,0.4984625053434855,210.00899018911468
25.645645645645647,0.49846408100501316,209.9588979791246
25.675675675675677,0.49846565296242057,209.90898676158022
25.705705705705707,0.4984672212524056,209.85925549528855
25.735735735735737,0.49846878602053424,209.8097023989518
25.765765765765767,0.49847034736262885,209.76032556807021
25.795795795795797,0.49847190517200407,209.71112417913062
25.825825825825827,0.4984734593409862,209.66209741344377
25.855855855855857,0.49847500976190146,209.61324445128304
25.885885885885887,0.4984765563270762,209.56456447199102
25.915915915915917,0.4984780989288367,209.51605665417682
25.945945945945947,0.498479637333278,209.46772013340853
25.975975975975977,0.49848117068871733,209.4195538813214
26.006006006006007,0.49848269874942613,209.37155714086776
26.036036036036037,0.4984842213882667,209.3237291965332
26.066066066066067,0.4984857384781017,209.27606932942442
26.096096096096097,0.49848724989179366,209.22857681731858
26.126126126126128,0.4984887555022052,209.18125093480913
26.156156156156158,0.4984902551821989,209.1340909535508
26.186186186186188,0.49849174875572655,209.0870963506892
26.216216216216218,0.49849323602739665,209.0402671097797
26.246246246246248,0.4984947170390067,208.9936026707153
26.276276276276278,0.49849619184683935,208.94710242351417
26.306306306306308,0.49849766050717703,208.9007657537716
26.336336336336338,0.49849912307630206,208.8545920425905
26.366366366366368,0.4985005796104975,208.80858066662813
26.396396396396398,0.49850203016604505,208.76273099825875
26.426426426426428,0.49850347485531965,208.71704251460815
26.456456456456458,0.49850491404341213,208.67151512975192
26.486486486486488,0.4985063478065695,208.62614812117286
26.516516516516518,0.4985077761687227,208.58094066006362
26.546546546546548,0.49850919915380204,208.53589191806836
26.576576576576578,0.498510616785738,208.49100106744356
26.606606606606608,0.49851202908846126,208.44626728130018
26.636636636636638,0.4985134360859022,208.40168973392878
26.666666666666668,0.49851483778212496,208.35726757255745
26.696696696696698,0.49851623396715483,208.31299955652793
26.726726726726728,0.4985176246093748,208.26888453697393
26.756756756756758,0.49851900974801294,208.22492145119904
26.786786786786788,0.49852038942229726,208.1811092394415
26.816816816816818,0.4985217636714561,208.13744684481722
26.846846846846848,0.4985231325347174,208.09393321333
26.876876876876878,0.4985244960513093,208.05056729394502
26.906906906906908,0.49852585426046,208.00734803873237
26.936936936936938,0.49852720748529833,207.9642732036198
26.966966966966968,0.49852855625125325,207.92133989425037
26.996996996996998,0.49852990062365565,207.87854731099557
27.027027027027028,0.49853124066044074,207.83589469167896
27.057057057057058,0.4985325764195427,207.793381279079
27.087087087087088,0.4985339079588962,207.75100632085704
27.117117117117118,0.49853523533643584,207.70876906953424
27.147147147147148,0.4985365586100964,207.6666687825147
27.177177177177178,0.49853787784199244,207.62470466882954
27.207207207207208,0.49853919312161465,207.58287542922093
27.237237237237238,0.4985405044814679,207.541180171524
27.26726726726727,0.4985418119396467,207.49961815602995
27.2972972972973,0.4985431155142452,207.4581886456981
27.32732732732733,0.4985444152233578,207.41689090611928
27.35735735735736,0.49854571108507884,207.37572420553252
27.38738738738739,0.49854700311750283,207.33468781488565
27.41741741741742,0.498548291338724,207.29378100794477
27.44744744744745,0.49854957574688447,207.2530029880677
27.47747747747748,0.4985508561234997,207.21235224896964
27.50750750750751,0.4985521323946007,207.17182798950483
27.53753753753754,0.49855340454840535,207.13142965916265
27.56756756756757,0.49855467257313096,207.09115671037875
27.5975975975976,0.49855593645699564,207.0510085983557
27.62762762762763,0.4985571961882165,207.01098478092618
27.65765765765766,0.49855845175501146,206.9710847184586
27.68768768768769,0.49855970314559833,206.93130787380662
27.71771771771772,0.49856095032549386,206.89165373521075
27.74774774774775,0.49856219302118376,206.85212204890203
27.77777777777778,0.4985634311952246,206.81271235494089
27.80780780780781,0.4985646648982301,206.77342411002508
27.83783783783784,0.49856589418081426,206.73425677283498
27.86786786786787,0.4985671190935909,206.69520980396294
27.8978978978979,0.4985683396871737,206.6562826658848
27.92792792792793,0.4985695560121766,206.61747482296826
27.95795795795796,0.49857076811921347,206.5787857415179
27.98798798798799,0.4985719760588983,206.54021488986137
28.01801801801802,0.4985731799721796,206.50176175355605
28.04804804804805,0.4985743801909419,206.46342584730803
28.07807807807808,0.49857557675613356,206.4252066342736
28.10810810810811,0.4985767696848553,206.38710357633215
28.13813813813814,0.4985779589942083,206.3491161382782
28.16816816816817,0.4985791447012934,206.31124378784833
28.1981981981982,0.49858032682321135,206.27348599578062
28.22822822822823,0.49858150537706325,206.2358422359058
28.25825825825826,0.49858268037995007,206.19831198526657
28.28828828828829,0.49858385184897275,206.16089472427015
28.31831831831832,0.4985850198903438,206.12358915312115
28.34834834834835,0.49858618464551596,206.08639381203196
28.37837837837838,0.4985873461767487,206.04930801795857
28.40840840840841,0.49858850454628145,206.01233109162922
28.43843843843844,0.4985896598163536,205.97546235726398
28.46846846846847,0.4985908120492049,205.93870114250146
28.4984984984985,0.4985919613070745,205.9020467783499
28.52852852852853,0.49859310765220183,205.8654985991584
28.55855855855856,0.49859425114682665,205.82905594261183
28.58858858858859,0.4985953918531881,205.7927181497482
28.61861861861862,0.4985965299794187,205.75648344864095
28.64864864864865,0.49859766573803543,205.72034988617796
28.67867867867868,0.49859879915223787,205.6843168744765
28.70870870870871,0.49859993024484883,205.6483838314852
28.73873873873874,0.4986010590386911,205.61255017813463
28.76876876876877,0.4986021855565875,205.5768153382978
28.7987987987988,0.498603309821361,205.54117873876532
28.82882882882883,0.4986044318558343,205.50563980923513
28.85885885885886,0.4986055516828302,205.47019798231773
28.88888888888889,0.49860666932517167,205.43485269355642
28.91891891891892,0.4986077848356914,205.3996027580371
28.94894894894895,0.49860889827693766,205.36444681949712
28.97897897897898,0.4986100096705425,205.32938439102122
29.00900900900901,0.49861111903791305,205.29441499223083
29.03903903903904,0.49861222640045644,205.25953814448891
29.06906906906907,0.49861333177957995,205.2247533708429
29.0990990990991,0.4986144351966905,205.19006019598592
29.12912912912913,0.49861553667319536,205.15545814623349
29.15915915915916,0.4986166362305018,205.12094674951555
29.18918918918919,0.49861773389001657,205.086525535386
29.21921921921922,0.4986188297546338,205.05219355875994
29.24924924924925,0.49861992394883986,205.01794963634393
29.27927927927928,0.4986210164607725,204.98379330629942
29.30930930930931,0.4986221072772143,204.9497241159036
29.33933933933934,0.4986231963849486,204.91574161397125
29.36936936936937,0.49862428377075857,204.8818453508108
29.3993993993994,0.4986253694214272,204.84803487819443
29.42942942942943,0.49862645332373745,204.8143097493437
29.45945945945946,0.4986275354644726,204.78066951892873
29.48948948948949,0.49862861583041557,204.74711374308117
29.51951951951952,0.49862969439448007,204.71364194821706
29.54954954954955,0.4986307709845197,204.68025333841987
29.57957957957958,0.4986318455588602,204.64694741806352
29.60960960960961,0.4986329181254543,204.61372380535698
29.63963963963964,0.49863398869225495,204.580582120045
29.66966966966967,0.49863505726721497,204.5475219833491
29.6996996996997,0.4986361238582873,204.51454301792117
29.72972972972973,0.49863718847342464,204.48164484780773
29.75975975975976,0.4986382511205801,204.44882709842673
29.78978978978979,0.49863931180770643,204.416089396556
29.81981981981982,0.4986403705427567,204.38343137033286
29.84984984984985,0.4986414272994657,204.3508524588029
29.87987987987988,0.49864248199599265,204.31835192184775
29.90990990990991,0.4986435345990868,204.2859293970256
29.93993993993994,0.4986445850771411,204.25358453399352
29.96996996996997,0.4986456333985482,204.22131698382148
30.0,0.49864667953170094,204.1891263989029
