tau0,tau,dx,dt
8.0,68.4,0.02,0.02
8.0,68.76,0.02,0.02
8.0,61.92,0.02,0.02
8.0,73.72,0.02,0.02
8.0,65.46000000000001,0.02,0.02
8.0,72.60000000000001,0.02,0.02
8.0,59.02,0.02,0.02
8.0,67.52,0.02,0.02
8.0,64.9,0.02,0.02
8.0,65.2,0.02,0.02
3.5992438563327034,27.72,0.02,0.02
3.5992438563327034,30.580000000000002,0.02,0.02
3.5992438563327034,25.560000000000002,0.02,0.02
3.5992438563327034,23.18,0.02,0.02
3.5992438563327034,25.240000000000002,0.02,0.02
3.5992438563327034,29.02,0.02,0.02
3.5992438563327034,31.64,0.02,0.02
3.5992438563327034,33.0,0.02,0.02
3.5992438563327034,29.18,0.02,0.02
3.5992438563327034,25.14,0.02,0.02
2.1875,21.02,0.02,0.02
2.1875,16.54,0.02,0.02
2.1875,13.74,0.02,0.02
2.1875,18.12,0.02,0.02
2.1875,17.06,0.02,0.02
2.1875,15.44,0.02,0.02
2.1875,16.02,0.02,0.02
2.1875,14.280000000000001,0.02,0.02
2.1875,20.14,0.02,0.02
2.1875,14.24,0.02,0.02
1.532421177870315,10.6,0.02,0.02
1.532421177870315,9.44,0.02,0.02
1.532421177870315,11.0,0.02,0.02
1.532421177870315,13.82,0.02,0.02
1.532421177870315,14.48,0.02,0.02
1.532421177870315,13.620000000000001,0.02,0.02
1.532421177870315,13.32,0.02,0.02
1.532421177870315,11.8,0.02,0.02
1.532421177870315,10.02,0.02,0.02
1.532421177870315,13.34,0.02,0.02
1.1648,7.84,0.02,0.02
1.1648,10.48,0.02,0.02
1.1648,9.02,0.02,0.02
1.1648,12.46,0.02,0.02
1.1648,11.24,0.02,0.02
1.1648,9.9,0.02,0.02
1.1648,9.56,0.02,0.02
1.1648,9.120000000000001,0.02,0.02
1.1648,10.9,0.02,0.02
1.1648,9.08,0.02,0.02
0.9330652111462222,8.22,0.02,0.02
0.9330652111462222,14.06,0.02,0.02
0.9330652111462222,7.5200000000000005,0.02,0.02
0.9330652111462222,8.16,0.02,0.02
0.9330652111462222,7.84,0.02,0.02
0.9330652111462222,6.76,0.02,0.02
0.9330652111462222,6.8,0.02,0.02
0.9330652111462222,7.12,0.02,0.02
0.9330652111462222,7.42,0.02,0.02
0.9330652111462222,6.84,0.02,0.02
0.7750865051903115,7.0600000000000005,0.02,0.02
0.7750865051903115,7.58,0.02,0.02
0.7750865051903115,5.74,0.02,0.02
0.7750865051903115,7.08,0.02,0.02
0.7750865051903115,6.640000000000001,0.02,0.02
0.7750865051903115,5.62,0.02,0.02
0.7750865051903115,6.44,0.02,0.02
0.7750865051903115,6.5600000000000005,0.02,0.02
0.7750865051903115,6.640000000000001,0.02,0.02
0.7750865051903115,6.28,0.02,0.02
0.6611570247933884,4.82,0.02,0.02
0.6611570247933884,5.82,0.02,0.02
0.6611570247933884,4.92,0.02,0.02
0.6611570247933884,5.0600000000000005,0.02,0.02
0.6611570247933884,5.32,0.02,0.02
0.6611570247933884,5.74,0.02,0.02
0.6611570247933884,5.46,0.02,0.02
0.6611570247933884,5.66,0.02,0.02
0.6611570247933884,7.5200000000000005,0.02,0.02
0.6611570247933884,5.66,0.02,0.02
0.5754461871281774,4.88,0.02,0.02
0.5754461871281774,5.2,0.02,0.02
0.5754461871281774,5.04,0.02,0.02
0.5754461871281774,6.22,0.02,0.02
0.5754461871281774,5.0,0.02,0.02
0.5754461871281774,6.22,0.02,0.02
0.5754461871281774,4.9,0.02,0.02
0.5754461871281774,4.46,0.02,0.02
0.5754461871281774,4.32,0.02,0.02
0.5754461871281774,6.1000000000000005,0.02,0.02
0.5088088642659279,4.16,0.02,0.02
0.5088088642659279,5.26,0.02,0.02
0.5088088642659279,3.94,0.02,0.02
0.5088088642659279,4.0600000000000005,0.02,0.02
0.5088088642659279,4.0200000000000005,0.02,0.02
0.5088088642659279,5.24,0.02,0.02
0.5088088642659279,4.3,0.02,0.02
0.5088088642659279,4.7,0.02,0.02
0.5088088642659279,4.48,0.02,0.02
0.5088088642659279,4.92,0.02,0.02
0.4556213017751479,5.16,0.02,0.02
0.4556213017751479,5.28,0.02,0.02
0.4556213017751479,4.5600000000000005,0.02,0.02
0.4556213017751479,4.3,0.02,0.02
0.4556213017751479,3.38,0.02,0.02
0.4556213017751479,3.56,0.02,0.02
0.4556213017751479,5.0600000000000005,0.02,0.02
0.4556213017751479,3.5,0.02,0.02
0.4556213017751479,5.16,0.02,0.02
0.4556213017751479,4.08,0.02,0.02
0.41224841412796615,4.0200000000000005,0.02,0.02
0.41224841412796615,2.9,0.02,0.02
0.41224841412796615,3.7,0.02,0.02
0.41224841412796615,3.7800000000000002,0.02,0.02
0.41224841412796615,4.12,0.02,0.02
0.41224841412796615,3.2,0.02,0.02
0.41224841412796615,3.54,0.02,0.02
0.41224841412796615,3.72,0.02,0.02
0.41224841412796615,3.74,0.02,0.02
0.41224841412796615,7.5,0.02,0.02
0.37624294544477294,3.12,0.02,0.02
0.37624294544477294,3.18,0.02,0.02
0.37624294544477294,4.14,0.02,0.02
0.37624294544477294,4.42,0.02,0.02
0.37624294544477294,3.62,0.02,0.02
0.37624294544477294,3.6,0.02,0.02
0.37624294544477294,4.0600000000000005,0.02,0.02
0.37624294544477294,2.86,0.02,0.02
0.37624294544477294,4.24,0.02,0.02
0.37624294544477294,3.56,0.02,0.02
0.3459005885437911,3.18,0.02,0.02
0.3459005885437911,2.86,0.02,0.02
0.3459005885437911,2.94,0.02,0.02
0.3459005885437911,4.5600000000000005,0.02,0.02
0.3459005885437911,3.16,0.02,0.02
0.3459005885437911,2.64,0.02,0.02
0.3459005885437911,3.54,0.02,0.02
0.3459005885437911,2.92,0.02,0.02
0.3459005885437911,3.12,0.02,0.02
0.3459005885437911,3.08,0.02,0.02
0.32,4.9,0.02,0.02
0.32,2.72,0.02,0.02
0.32,2.88,0.02,0.02
0.32,2.94,0.02,0.02
0.32,3.7600000000000002,0.02,0.02
0.32,3.58,0.02,0.02
0.32,3.74,0.02,0.02
0.32,3.3200000000000003,0.02,0.02
0.32,2.54,0.02,0.02
0.32,3.34,0.02,0.02
8.0,68.3,0.05,0.02
8.0,64.82000000000001,0.05,0.02
8.0,52.620000000000005,0.05,0.02
8.0,65.62,0.05,0.02
8.0,61.76,0.05,0.02
8.0,66.0,0.05,0.02
8.0,52.300000000000004,0.05,0.02
8.0,47.980000000000004,0.05,0.02
8.0,61.28,0.05,0.02
8.0,51.56,0.05,0.02
3.5992438563327034,23.02,0.05,0.02
3.5992438563327034,19.36,0.05,0.02
3.5992438563327034,32.160000000000004,0.05,0.02
3.5992438563327034,21.1,0.05,0.02
3.5992438563327034,27.38,0.05,0.02
3.5992438563327034,27.44,0.05,0.02
3.5992438563327034,24.0,0.05,0.02
3.5992438563327034,27.7,0.05,0.02
3.5992438563327034,25.94,0.05,0.02
3.5992438563327034,19.92,0.05,0.02
2.1875,13.120000000000001,0.05,0.02
2.1875,13.98,0.05,0.02
2.1875,13.6,0.05,0.02
2.1875,16.36,0.05,0.02
2.1875,15.120000000000001,0.05,0.02
2.1875,15.82,0.05,0.02
2.1875,14.74,0.05,0.02
2.1875,16.62,0.05,0.02
2.1875,13.32,0.05,0.02
2.1875,12.780000000000001,0.05,0.02
1.532421177870315,10.5,0.05,0.02
1.532421177870315,10.64,0.05,0.02
1.532421177870315,12.36,0.05,0.02
1.532421177870315,9.620000000000001,0.05,0.02
1.532421177870315,9.0,0.05,0.02
1.532421177870315,12.84,0.05,0.02
1.532421177870315,12.74,0.05,0.02
1.532421177870315,11.540000000000001,0.05,0.02
1.532421177870315,11.9,0.05,0.02
1.532421177870315,9.56,0.05,0.02
1.1648,9.34,0.05,0.02
1.1648,9.74,0.05,0.02
1.1648,9.82,0.05,0.02
1.1648,8.86,0.05,0.02
1.1648,8.24,0.05,0.02
1.1648,7.8,0.05,0.02
1.1648,9.86,0.05,0.02
1.1648,7.6000000000000005,0.05,0.02
1.1648,7.32,0.05,0.02
1.1648,7.22,0.05,0.02
0.9330652111462222,6.26,0.05,0.02
0.9330652111462222,6.86,0.05,0.02
0.9330652111462222,9.1,0.05,0.02
0.9330652111462222,7.94,0.05,0.02
0.9330652111462222,7.12,0.05,0.02
0.9330652111462222,7.68,0.05,0.02
0.9330652111462222,7.1000000000000005,0.05,0.02
0.9330652111462222,7.140000000000001,0.05,0.02
0.9330652111462222,7.54,0.05,0.02
0.9330652111462222,6.34,0.05,0.02
0.7750865051903115,5.46,0.05,0.02
0.7750865051903115,6.0600000000000005,0.05,0.02
0.7750865051903115,9.98,0.05,0.02
0.7750865051903115,7.42,0.05,0.02
0.7750865051903115,5.72,0.05,0.02
0.7750865051903115,5.66,0.05,0.02
0.7750865051903115,5.48,0.05,0.02
0.7750865051903115,9.48,0.05,0.02
0.7750865051903115,6.08,0.05,0.02
0.7750865051903115,5.8,0.05,0.02
0.6611570247933884,4.82,0.05,0.02
0.6611570247933884,4.92,0.05,0.02
0.6611570247933884,6.2,0.05,0.02
0.6611570247933884,4.54,0.05,0.02
0.6611570247933884,6.12,0.05,0.02
0.6611570247933884,5.6000000000000005,0.05,0.02
0.6611570247933884,5.38,0.05,0.02
0.6611570247933884,5.12,0.05,0.02
0.6611570247933884,5.4,0.05,0.02
0.6611570247933884,5.5600000000000005,0.05,0.02
0.5754461871281774,4.8,0.05,0.02
0.5754461871281774,5.14,0.05,0.02
0.5754461871281774,5.46,0.05,0.02
0.5754461871281774,6.22,0.05,0.02
0.5754461871281774,4.5,0.05,0.02
0.5754461871281774,4.42,0.05,0.02
0.5754461871281774,4.98,0.05,0.02
0.5754461871281774,4.92,0.05,0.02
0.5754461871281774,3.7600000000000002,0.05,0.02
0.5754461871281774,4.76,0.05,0.02
0.5088088642659279,3.7,0.05,0.02
0.5088088642659279,4.0,0.05,0.02
0.5088088642659279,4.0600000000000005,0.05,0.02
0.5088088642659279,4.24,0.05,0.02
0.5088088642659279,4.08,0.05,0.02
0.5088088642659279,3.44,0.05,0.02
0.5088088642659279,4.44,0.05,0.02
0.5088088642659279,6.16,0.05,0.02
0.5088088642659279,4.64,0.05,0.02
0.5088088642659279,5.4,0.05,0.02
0.4556213017751479,5.0,0.05,0.02
0.4556213017751479,3.62,0.05,0.02
0.4556213017751479,3.2600000000000002,0.05,0.02
0.4556213017751479,3.64,0.05,0.02
0.4556213017751479,4.0,0.05,0.02
0.4556213017751479,3.22,0.05,0.02
0.4556213017751479,3.44,0.05,0.02
0.4556213017751479,3.52,0.05,0.02
0.4556213017751479,3.64,0.05,0.02
0.4556213017751479,4.1,0.05,0.02
0.41224841412796615,3.22,0.05,0.02
0.41224841412796615,3.0,0.05,0.02
0.41224841412796615,2.9,0.05,0.02
0.41224841412796615,3.24,0.05,0.02
0.41224841412796615,3.2,0.05,0.02
0.41224841412796615,3.4,0.05,0.02
0.41224841412796615,3.7,0.05,0.02
0.41224841412796615,4.0,0.05,0.02
0.41224841412796615,3.66,0.05,0.02
0.41224841412796615,3.04,0.05,0.02
0.37624294544477294,3.98,0.05,0.02
0.37624294544477294,3.2,0.05,0.02
0.37624294544477294,2.66,0.05,0.02
0.37624294544477294,3.04,0.05,0.02
0.37624294544477294,2.88,0.05,0.02
0.37624294544477294,4.2,0.05,0.02
0.37624294544477294,3.44,0.05,0.02
0.37624294544477294,2.7800000000000002,0.05,0.02
0.37624294544477294,3.0,0.05,0.02
0.37624294544477294,2.7600000000000002,0.05,0.02
0.3459005885437911,2.68,0.05,0.02
0.3459005885437911,3.36,0.05,0.02
0.3459005885437911,2.82,0.05,0.02
0.3459005885437911,2.84,0.05,0.02
0.3459005885437911,3.2600000000000002,0.05,0.02
0.3459005885437911,2.84,0.05,0.02
0.3459005885437911,2.48,0.05,0.02
0.3459005885437911,3.74,0.05,0.02
0.3459005885437911,2.86,0.05,0.02
0.3459005885437911,4.58,0.05,0.02
0.32,2.96,0.05,0.02
0.32,3.04,0.05,0.02
0.32,2.42,0.05,0.02
0.32,2.62,0.05,0.02
0.32,2.94,0.05,0.02
0.32,3.2,0.05,0.02
0.32,3.2600000000000002,0.05,0.02
0.32,2.48,0.05,0.02
0.32,2.94,0.05,0.02
0.32,2.62,0.05,0.02
8.0,63.74,0.1,0.02
8.0,61.74,0.1,0.02
8.0,56.1,0.1,0.02
8.0,64.14,0.1,0.02
8.0,46.480000000000004,0.1,0.02
8.0,53.96,0.1,0.02
8.0,60.980000000000004,0.1,0.02
8.0,53.58,0.1,0.02
8.0,52.660000000000004,0.1,0.02
8.0,93.3,0.1,0.02
3.5992438563327034,27.740000000000002,0.1,0.02
3.5992438563327034,19.400000000000002,0.1,0.02
3.5992438563327034,19.98,0.1,0.02
3.5992438563327034,20.0,0.1,0.02
3.5992438563327034,23.72,0.1,0.02
3.5992438563327034,29.42,0.1,0.02
3.5992438563327034,20.06,0.1,0.02
3.5992438563327034,21.64,0.1,0.02
3.5992438563327034,19.86,0.1,0.02
3.5992438563327034,19.46,0.1,0.02
2.1875,15.48,0.1,0.02
2.1875,16.38,0.1,0.02
2.1875,13.94,0.1,0.02
2.1875,14.9,0.1,0.02
2.1875,11.94,0.1,0.02
2.1875,12.32,0.1,0.02
2.1875,16.080000000000002,0.1,0.02
2.1875,12.66,0.1,0.02
2.1875,12.94,0.1,0.02
2.1875,11.48,0.1,0.02
1.532421177870315,10.44,0.1,0.02
1.532421177870315,8.120000000000001,0.1,0.02
1.532421177870315,10.72,0.1,0.02
1.532421177870315,10.8,0.1,0.02
1.532421177870315,10.08,0.1,0.02
1.532421177870315,10.26,0.1,0.02
1.532421177870315,9.24,0.1,0.02
1.532421177870315,10.0,0.1,0.02
1.532421177870315,9.200000000000001,0.1,0.02
1.532421177870315,11.540000000000001,0.1,0.02
1.1648,9.64,0.1,0.02
1.1648,6.78,0.1,0.02
1.1648,7.2,0.1,0.02
1.1648,9.1,0.1,0.02
1.1648,6.76,0.1,0.02
1.1648,6.74,0.1,0.02
1.1648,9.98,0.1,0.02
1.1648,7.34,0.1,0.02
1.1648,8.08,0.1,0.02
1.1648,7.8,0.1,0.02
0.9330652111462222,6.5200000000000005,0.1,0.02
0.9330652111462222,8.8,0.1,0.02
0.9330652111462222,6.48,0.1,0.02
0.9330652111462222,7.32,0.1,0.02
0.9330652111462222,5.44,0.1,0.02
0.9330652111462222,6.0600000000000005,0.1,0.02
0.9330652111462222,6.22,0.1,0.02
0.9330652111462222,7.62,0.1,0.02
0.9330652111462222,5.74,0.1,0.02
0.9330652111462222,7.28,0.1,0.02
0.7750865051903115,6.62,0.1,0.02
0.7750865051903115,5.16,0.1,0.02
0.7750865051903115,6.12,0.1,0.02
0.7750865051903115,6.36,0.1,0.02
0.7750865051903115,5.24,0.1,0.02
0.7750865051903115,7.36,0.1,0.02
0.7750865051903115,7.38,0.1,0.02
0.7750865051903115,5.54,0.1,0.02
0.7750865051903115,5.28,0.1,0.02
0.7750865051903115,4.86,0.1,0.02
0.6611570247933884,4.5,0.1,0.02
0.6611570247933884,4.18,0.1,0.02
0.6611570247933884,4.44,0.1,0.02
0.6611570247933884,4.08,0.1,0.02
0.6611570247933884,4.42,0.1,0.02
0.6611570247933884,5.5200000000000005,0.1,0.02
0.6611570247933884,6.140000000000001,0.1,0.02
0.6611570247933884,4.68,0.1,0.02
0.6611570247933884,6.18,0.1,0.02
0.6611570247933884,4.74,0.1,0.02
0.5754461871281774,4.04,0.1,0.02
0.5754461871281774,3.54,0.1,0.02
0.5754461871281774,3.9,0.1,0.02
0.5754461871281774,4.34,0.1,0.02
0.5754461871281774,7.0,0.1,0.02
0.5754461871281774,6.94,0.1,0.02
0.5754461871281774,4.88,0.1,0.02
0.5754461871281774,3.62,0.1,0.02
0.5754461871281774,6.24,0.1,0.02
0.5754461871281774,3.66,0.1,0.02
0.5088088642659279,3.96,0.1,0.02
0.5088088642659279,7.0200000000000005,0.1,0.02
0.5088088642659279,3.02,0.1,0.02
0.5088088642659279,3.52,0.1,0.02
0.5088088642659279,4.12,0.1,0.02
0.5088088642659279,3.68,0.1,0.02
0.5088088642659279,3.46,0.1,0.02
0.5088088642659279,3.16,0.1,0.02
0.5088088642659279,3.92,0.1,0.02
0.5088088642659279,3.98,0.1,0.02
0.4556213017751479,3.88,0.1,0.02
0.4556213017751479,3.04,0.1,0.02
0.4556213017751479,3.1,0.1,0.02
0.4556213017751479,3.16,0.1,0.02
0.4556213017751479,3.2600000000000002,0.1,0.02
0.4556213017751479,3.12,0.1,0.02
0.4556213017751479,3.22,0.1,0.02
0.4556213017751479,3.02,0.1,0.02
0.4556213017751479,4.24,0.1,0.02
0.4556213017751479,3.9,0.1,0.02
0.41224841412796615,3.86,0.1,0.02
0.41224841412796615,2.88,0.1,0.02
0.41224841412796615,3.0,0.1,0.02
0.41224841412796615,3.14,0.1,0.02
0.41224841412796615,2.74,0.1,0.02
0.41224841412796615,2.9,0.1,0.02
0.41224841412796615,4.08,0.1,0.02
0.41224841412796615,3.22,0.1,0.02
0.41224841412796615,5.08,0.1,0.02
0.41224841412796615,3.68,0.1,0.02
0.37624294544477294,3.3200000000000003,0.1,0.02
0.37624294544477294,3.6,0.1,0.02
0.37624294544477294,2.7600000000000002,0.1,0.02
0.37624294544477294,3.8200000000000003,0.1,0.02
0.37624294544477294,3.3000000000000003,0.1,0.02
0.37624294544477294,2.38,0.1,0.02
0.37624294544477294,2.86,0.1,0.02
0.37624294544477294,3.44,0.1,0.02
0.37624294544477294,2.52,0.1,0.02
0.37624294544477294,2.74,0.1,0.02
0.3459005885437911,2.54,0.1,0.02
0.3459005885437911,2.72,0.1,0.02
0.3459005885437911,2.54,0.1,0.02
0.3459005885437911,2.34,0.1,0.02
0.3459005885437911,2.94,0.1,0.02
0.3459005885437911,2.7,0.1,0.02
0.3459005885437911,3.08,0.1,0.02
0.3459005885437911,2.74,0.1,0.02
0.3459005885437911,2.4,0.1,0.02
0.3459005885437911,2.46,0.1,0.02
0.32,2.36,0.1,0.02
0.32,2.06,0.1,0.02
0.32,2.2,0.1,0.02
0.32,2.18,0.1,0.02
0.32,3.22,0.1,0.02
0.32,2.66,0.1,0.02
0.32,2.82,0.1,0.02
0.32,2.34,0.1,0.02
0.32,2.74,0.1,0.02
0.32,2.12,0.1,0.02
8.0,90.35000000000001,0.02,0.05
8.0,65.10000000000001,0.02,0.05
8.0,67.15,0.02,0.05
8.0,66.2,0.02,0.05
8.0,64.5,0.02,0.05
8.0,75.2,0.02,0.05
8.0,65.4,0.02,0.05
8.0,58.1,0.02,0.05
8.0,66.05,0.02,0.05
8.0,65.85000000000001,0.02,0.05
3.5992438563327034,30.6,0.02,0.05
3.5992438563327034,23.85,0.02,0.05
3.5992438563327034,31.85,0.02,0.05
3.5992438563327034,32.7,0.02,0.05
3.5992438563327034,21.900000000000002,0.02,0.05
3.5992438563327034,28.950000000000003,0.02,0.05
3.5992438563327034,23.8,0.02,0.05
3.5992438563327034,24.6,0.02,0.05
3.5992438563327034,36.75,0.02,0.05
3.5992438563327034,31.650000000000002,0.02,0.05
2.1875,16.35,0.02,0.05
2.1875,17.3,0.02,0.05
2.1875,22.75,0.02,0.05
2.1875,14.9,0.02,0.05
2.1875,16.75,0.02,0.05
2.1875,14.8,0.02,0.05
2.1875,16.400000000000002,0.02,0.05
2.1875,14.450000000000001,0.02,0.05
2.1875,14.75,0.02,0.05
2.1875,17.55,0.02,0.05
1.532421177870315,13.4,0.02,0.05
1.532421177870315,11.350000000000001,0.02,0.05
1.532421177870315,10.3,0.02,0.05
1.532421177870315,12.950000000000001,0.02,0.05
1.532421177870315,11.9,0.02,0.05
1.532421177870315,10.5,0.02,0.05
1.532421177870315,12.0,0.02,0.05
1.532421177870315,11.25,0.02,0.05
1.532421177870315,15.55,0.02,0.05
1.532421177870315,12.75,0.02,0.05
1.1648,9.9,0.02,0.05
1.1648,8.15,0.02,0.05
1.1648,11.100000000000001,0.02,0.05
1.1648,9.700000000000001,0.02,0.05
1.1648,8.05,0.02,0.05
1.1648,8.700000000000001,0.02,0.05
1.1648,9.8,0.02,0.05
1.1648,9.55,0.02,0.05
1.1648,9.450000000000001,0.02,0.05
1.1648,9.55,0.02,0.05
0.9330652111462222,8.75,0.02,0.05
0.9330652111462222,8.450000000000001,0.02,0.05
0.9330652111462222,8.15,0.02,0.05
0.9330652111462222,9.700000000000001,0.02,0.05
0.9330652111462222,8.65,0.02,0.05
0.9330652111462222,7.4,0.02,0.05
0.9330652111462222,6.75,0.02,0.05
0.9330652111462222,6.3500000000000005,0.02,0.05
0.9330652111462222,7.5,0.02,0.05
0.9330652111462222,8.85,0.02,0.05
0.7750865051903115,6.4,0.02,0.05
0.7750865051903115,6.1000000000000005,0.02,0.05
0.7750865051903115,10.600000000000001,0.02,0.05
0.7750865051903115,5.800000000000001,0.02,0.05
0.7750865051903115,5.3500000000000005,0.02,0.05
0.7750865051903115,7.550000000000001,0.02,0.05
0.7750865051903115,6.75,0.02,0.05
0.7750865051903115,6.6000000000000005,0.02,0.05
0.7750865051903115,5.7,0.02,0.05
0.7750865051903115,6.95,0.02,0.05
0.6611570247933884,6.800000000000001,0.02,0.05
0.6611570247933884,5.95,0.02,0.05
0.6611570247933884,4.9,0.02,0.05
0.6611570247933884,5.3500000000000005,0.02,0.05
0.6611570247933884,5.15,0.02,0.05
0.6611570247933884,5.5,0.02,0.05
0.6611570247933884,5.6000000000000005,0.02,0.05
0.6611570247933884,5.0,0.02,0.05
0.6611570247933884,5.5,0.02,0.05
0.6611570247933884,4.8500000000000005,0.02,0.05
0.5754461871281774,5.5,0.02,0.05
0.5754461871281774,4.75,0.02,0.05
0.5754461871281774,4.1000000000000005,0.02,0.05
0.5754461871281774,5.1000000000000005,0.02,0.05
0.5754461871281774,4.9,0.02,0.05
0.5754461871281774,5.15,0.02,0.05
0.5754461871281774,4.5,0.02,0.05
0.5754461871281774,5.300000000000001,0.02,0.05
0.5754461871281774,4.65,0.02,0.05
0.5754461871281774,5.6000000000000005,0.02,0.05
0.5088088642659279,4.25,0.02,0.05
0.5088088642659279,5.45,0.02,0.05
0.5088088642659279,6.25,0.02,0.05
0.5088088642659279,5.3500000000000005,0.02,0.05
0.5088088642659279,4.7,0.02,0.05
0.5088088642659279,3.85,0.02,0.05
0.5088088642659279,4.7,0.02,0.05
0.5088088642659279,4.2,0.02,0.05
0.5088088642659279,4.8500000000000005,0.02,0.05
0.5088088642659279,4.25,0.02,0.05
0.4556213017751479,5.800000000000001,0.02,0.05
0.4556213017751479,4.3,0.02,0.05
0.4556213017751479,4.25,0.02,0.05
0.4556213017751479,3.5500000000000003,0.02,0.05
0.4556213017751479,4.25,0.02,0.05
0.4556213017751479,4.1000000000000005,0.02,0.05
0.4556213017751479,4.65,0.02,0.05
0.4556213017751479,4.4,0.02,0.05
0.4556213017751479,4.15,0.02,0.05
0.4556213017751479,3.6,0.02,0.05
0.41224841412796615,3.2,0.02,0.05
0.41224841412796615,3.75,0.02,0.05
0.41224841412796615,5.4,0.02,0.05
0.41224841412796615,3.25,0.02,0.05
0.41224841412796615,3.9000000000000004,0.02,0.05
0.41224841412796615,3.4000000000000004,0.02,0.05
0.41224841412796615,3.75,0.02,0.05
0.41224841412796615,3.35,0.02,0.05
0.41224841412796615,3.5500000000000003,0.02,0.05
0.41224841412796615,3.25,0.02,0.05
0.37624294544477294,3.1,0.02,0.05
0.37624294544477294,3.0,0.02,0.05
0.37624294544477294,3.35,0.02,0.05
0.37624294544477294,2.9000000000000004,0.02,0.05
0.37624294544477294,3.1500000000000004,0.02,0.05
0.37624294544477294,4.05,0.02,0.05
0.37624294544477294,3.5500000000000003,0.02,0.05
0.37624294544477294,5.25,0.02,0.05
0.37624294544477294,3.6500000000000004,0.02,0.05
0.37624294544477294,3.1500000000000004,0.02,0.05
0.3459005885437911,3.35,0.02,0.05
0.3459005885437911,4.25,0.02,0.05
0.3459005885437911,3.1,0.02,0.05
0.3459005885437911,3.1,0.02,0.05
0.3459005885437911,3.4000000000000004,0.02,0.05
0.3459005885437911,3.2,0.02,0.05
0.3459005885437911,3.0500000000000003,0.02,0.05
0.3459005885437911,2.95,0.02,0.05
0.3459005885437911,3.35,0.02,0.05
0.3459005885437911,3.0,0.02,0.05
0.32,2.6500000000000004,0.02,0.05
0.32,3.0500000000000003,0.02,0.05
0.32,3.2,0.02,0.05
0.32,2.9000000000000004,0.02,0.05
0.32,2.85,0.02,0.05
0.32,2.7,0.02,0.05
0.32,2.8000000000000003,0.02,0.05
0.32,3.85,0.02,0.05
0.32,2.45,0.02,0.05
0.32,2.6,0.02,0.05
8.0,61.550000000000004,0.05,0.05
8.0,55.95,0.05,0.05
8.0,55.6,0.05,0.05
8.0,61.85,0.05,0.05
8.0,53.2,0.05,0.05
8.0,53.7,0.05,0.05
8.0,63.7,0.05,0.05
8.0,60.550000000000004,0.05,0.05
8.0,50.45,0.05,0.05
8.0,52.650000000000006,0.05,0.05
3.5992438563327034,28.450000000000003,0.05,0.05
3.5992438563327034,21.450000000000003,0.05,0.05
3.5992438563327034,21.6,0.05,0.05
3.5992438563327034,26.200000000000003,0.05,0.05
3.5992438563327034,26.85,0.05,0.05
3.5992438563327034,22.200000000000003,0.05,0.05
3.5992438563327034,22.5,0.05,0.05
3.5992438563327034,21.05,0.05,0.05
3.5992438563327034,24.150000000000002,0.05,0.05
3.5992438563327034,22.150000000000002,0.05,0.05
2.1875,14.55,0.05,0.05
2.1875,16.55,0.05,0.05
2.1875,12.4,0.05,0.05
2.1875,14.8,0.05,0.05
2.1875,20.6,0.05,0.05
2.1875,21.6,0.05,0.05
2.1875,15.05,0.05,0.05
2.1875,25.25,0.05,0.05
2.1875,20.8,0.05,0.05
2.1875,17.35,0.05,0.05
1.532421177870315,10.950000000000001,0.05,0.05
1.532421177870315,12.9,0.05,0.05
1.532421177870315,10.600000000000001,0.05,0.05
1.532421177870315,11.05,0.05,0.05
1.532421177870315,18.85,0.05,0.05
1.532421177870315,10.950000000000001,0.05,0.05
1.532421177870315,10.3,0.05,0.05
1.532421177870315,10.700000000000001,0.05,0.05
1.532421177870315,11.9,0.05,0.05
1.532421177870315,11.100000000000001,0.05,0.05
1.1648,8.200000000000001,0.05,0.05
1.1648,11.55,0.05,0.05
1.1648,9.25,0.05,0.05
1.1648,8.700000000000001,0.05,0.05
1.1648,9.15,0.05,0.05
1.1648,9.35,0.05,0.05
1.1648,8.1,0.05,0.05
1.1648,8.65,0.05,0.05
1.1648,10.0,0.05,0.05
1.1648,9.850000000000001,0.05,0.05
0.9330652111462222,6.5,0.05,0.05
0.9330652111462222,9.35,0.05,0.05
0.9330652111462222,10.9,0.05,0.05
0.9330652111462222,7.0,0.05,0.05
0.9330652111462222,7.9,0.05,0.05
0.9330652111462222,7.8500000000000005,0.05,0.05
0.9330652111462222,6.6000000000000005,0.05,0.05
0.9330652111462222,10.9,0.05,0.05
0.9330652111462222,6.9,0.05,0.05
0.9330652111462222,6.550000000000001,0.05,0.05
0.7750865051903115,6.5,0.05,0.05
0.7750865051903115,5.25,0.05,0.05
0.7750865051903115,6.2,0.05,0.05
0.7750865051903115,6.050000000000001,0.05,0.05
0.7750865051903115,5.6000000000000005,0.05,0.05
0.7750865051903115,5.9,0.05,0.05
0.7750865051903115,6.75,0.05,0.05
0.7750865051903115,5.300000000000001,0.05,0.05
0.7750865051903115,6.9,0.05,0.05
0.7750865051903115,5.550000000000001,0.05,0.05
0.6611570247933884,5.65,0.05,0.05
0.6611570247933884,5.25,0.05,0.05
0.6611570247933884,6.8500000000000005,0.05,0.05
0.6611570247933884,4.45,0.05,0.05
0.6611570247933884,4.800000000000001,0.05,0.05
0.6611570247933884,4.800000000000001,0.05,0.05
0.6611570247933884,5.300000000000001,0.05,0.05
0.6611570247933884,5.3500000000000005,0.05,0.05
0.6611570247933884,5.1000000000000005,0.05,0.05
0.6611570247933884,4.7,0.05,0.05
0.5754461871281774,4.75,0.05,0.05
0.5754461871281774,4.3,0.05,0.05
0.5754461871281774,5.2,0.05,0.05
0.5754461871281774,4.5,0.05,0.05
0.5754461871281774,5.65,0.05,0.05
0.5754461871281774,4.0,0.05,0.05
0.5754461871281774,4.45,0.05,0.05
0.5754461871281774,4.3500000000000005,0.05,0.05
0.5754461871281774,4.2,0.05,0.05
0.5754461871281774,4.7,0.05,0.05
0.5088088642659279,3.95,0.05,0.05
0.5088088642659279,4.0,0.05,0.05
0.5088088642659279,3.2,0.05,0.05
0.5088088642659279,4.65,0.05,0.05
0.5088088642659279,3.6,0.05,0.05
0.5088088642659279,5.3500000000000005,0.05,0.05
0.5088088642659279,3.45,0.05,0.05
0.5088088642659279,3.85,0.05,0.05
0.5088088642659279,5.4,0.05,0.05
0.5088088642659279,4.15,0.05,0.05
0.4556213017751479,3.5500000000000003,0.05,0.05
0.4556213017751479,4.75,0.05,0.05
0.4556213017751479,4.3500000000000005,0.05,0.05
0.4556213017751479,3.7,0.05,0.05
0.4556213017751479,3.95,0.05,0.05
0.4556213017751479,4.4,0.05,0.05
0.4556213017751479,4.65,0.05,0.05
0.4556213017751479,2.8000000000000003,0.05,0.05
0.4556213017751479,4.4,0.05,0.05
0.4556213017751479,3.85,0.05,0.05
0.41224841412796615,2.85,0.05,0.05
0.41224841412796615,3.0,0.05,0.05
0.41224841412796615,3.1,0.05,0.05
0.41224841412796615,3.25,0.05,0.05
0.41224841412796615,3.5,0.05,0.05
0.41224841412796615,3.75,0.05,0.05
0.41224841412796615,2.95,0.05,0.05
0.41224841412796615,2.8000000000000003,0.05,0.05
0.41224841412796615,3.5500000000000003,0.05,0.05
0.41224841412796615,3.75,0.05,0.05
0.37624294544477294,3.35,0.05,0.05
0.37624294544477294,2.6500000000000004,0.05,0.05
0.37624294544477294,2.95,0.05,0.05
0.37624294544477294,3.5500000000000003,0.05,0.05
0.37624294544477294,2.6,0.05,0.05
0.37624294544477294,2.5500000000000003,0.05,0.05
0.37624294544477294,2.85,0.05,0.05
0.37624294544477294,3.1,0.05,0.05
0.37624294544477294,3.8000000000000003,0.05,0.05
0.37624294544477294,2.5,0.05,0.05
0.3459005885437911,2.9000000000000004,0.05,0.05
0.3459005885437911,2.35,0.05,0.05
0.3459005885437911,2.8000000000000003,0.05,0.05
0.3459005885437911,3.0500000000000003,0.05,0.05
0.3459005885437911,2.6500000000000004,0.05,0.05
0.3459005885437911,3.9000000000000004,0.05,0.05
0.3459005885437911,3.5500000000000003,0.05,0.05
0.3459005885437911,3.25,0.05,0.05
0.3459005885437911,2.95,0.05,0.05
0.3459005885437911,2.8000000000000003,0.05,0.05
0.32,2.5500000000000003,0.05,0.05
0.32,2.6500000000000004,0.05,0.05
0.32,3.1,0.05,0.05
0.32,3.2,0.05,0.05
0.32,2.15,0.05,0.05
0.32,2.35,0.05,0.05
0.32,2.7,0.05,0.05
0.32,2.35,0.05,0.05
0.32,3.25,0.05,0.05
0.32,3.25,0.05,0.05
8.0,51.650000000000006,0.1,0.05
8.0,60.95,0.1,0.05
8.0,54.650000000000006,0.1,0.05
8.0,60.5,0.1,0.05
8.0,53.75,0.1,0.05
8.0,89.5,0.1,0.05
8.0,54.800000000000004,0.1,0.05
8.0,46.25,0.1,0.05
8.0,65.85000000000001,0.1,0.05
8.0,47.45,0.1,0.05
3.5992438563327034,20.3,0.1,0.05
3.5992438563327034,20.35,0.1,0.05
3.5992438563327034,19.85,0.1,0.05
3.5992438563327034,19.400000000000002,0.1,0.05
3.5992438563327034,21.150000000000002,0.1,0.05
3.5992438563327034,20.5,0.1,0.05
3.5992438563327034,25.5,0.1,0.05
3.5992438563327034,23.6,0.1,0.05
3.5992438563327034,18.5,0.1,0.05
3.5992438563327034,17.6,0.1,0.05
2.1875,12.200000000000001,0.1,0.05
2.1875,12.05,0.1,0.05
2.1875,15.200000000000001,0.1,0.05
2.1875,13.350000000000001,0.1,0.05
2.1875,12.5,0.1,0.05
2.1875,12.5,0.1,0.05
2.1875,12.05,0.1,0.05
2.1875,13.0,0.1,0.05
2.1875,13.9,0.1,0.05
2.1875,10.75,0.1,0.05
1.532421177870315,10.0,0.1,0.05
1.532421177870315,10.850000000000001,0.1,0.05
1.532421177870315,9.25,0.1,0.05
1.532421177870315,12.8,0.1,0.05
1.532421177870315,10.55,0.1,0.05
1.532421177870315,11.350000000000001,0.1,0.05
1.532421177870315,11.850000000000001,0.1,0.05
1.532421177870315,10.100000000000001,0.1,0.05
1.532421177870315,11.65,0.1,0.05
1.532421177870315,11.600000000000001,0.1,0.05
1.1648,8.35,0.1,0.05
1.1648,8.8,0.1,0.05
1.1648,8.0,0.1,0.05
1.1648,6.45,0.1,0.05
1.1648,7.65,0.1,0.05
1.1648,6.45,0.1,0.05
1.1648,7.45,0.1,0.05
1.1648,8.6,0.1,0.05
1.1648,9.25,0.1,0.05
1.1648,7.0,0.1,0.05
0.9330652111462222,5.6000000000000005,0.1,0.05
0.9330652111462222,6.8500000000000005,0.1,0.05
0.9330652111462222,8.15,0.1,0.05
0.9330652111462222,5.800000000000001,0.1,0.05
0.9330652111462222,9.15,0.1,0.05
0.9330652111462222,7.8500000000000005,0.1,0.05
0.9330652111462222,6.15,0.1,0.05
0.9330652111462222,6.15,0.1,0.05
0.9330652111462222,6.15,0.1,0.05
0.9330652111462222,5.7,0.1,0.05
0.7750865051903115,4.7,0.1,0.05
0.7750865051903115,7.5,0.1,0.05
0.7750865051903115,6.2,0.1,0.05
0.7750865051903115,5.300000000000001,0.1,0.05
0.7750865051903115,5.75,0.1,0.05
0.7750865051903115,6.15,0.1,0.05
0.7750865051903115,5.2,0.1,0.05
0.7750865051903115,5.95,0.1,0.05
0.7750865051903115,4.9,0.1,0.05
0.7750865051903115,4.8500000000000005,0.1,0.05
0.6611570247933884,4.800000000000001,0.1,0.05
0.6611570247933884,5.1000000000000005,0.1,0.05
0.6611570247933884,4.3,0.1,0.05
0.6611570247933884,4.55,0.1,0.05
0.6611570247933884,5.65,0.1,0.05
0.6611570247933884,4.8500000000000005,0.1,0.05
0.6611570247933884,4.25,0.1,0.05
0.6611570247933884,8.25,0.1,0.05
0.6611570247933884,4.25,0.1,0.05
0.6611570247933884,3.95,0.1,0.05
0.5754461871281774,5.2,0.1,0.05
0.5754461871281774,3.4000000000000004,0.1,0.05
0.5754461871281774,3.45,0.1,0.05
0.5754461871281774,4.55,0.1,0.05
0.5754461871281774,4.65,0.1,0.05
0.5754461871281774,4.2,0.1,0.05
0.5754461871281774,4.2,0.1,0.05
0.5754461871281774,4.4,0.1,0.05
0.5754461871281774,4.5,0.1,0.05
0.5754461871281774,4.15,0.1,0.05
0.5088088642659279,4.3,0.1,0.05
0.5088088642659279,3.3000000000000003,0.1,0.05
0.5088088642659279,4.2,0.1,0.05
0.5088088642659279,5.300000000000001,0.1,0.05
0.5088088642659279,4.55,0.1,0.05
0.5088088642659279,5.3500000000000005,0.1,0.05
0.5088088642659279,3.75,0.1,0.05
0.5088088642659279,4.1000000000000005,0.1,0.05
0.5088088642659279,3.95,0.1,0.05
0.5088088642659279,3.3000000000000003,0.1,0.05
0.4556213017751479,4.1000000000000005,0.1,0.05
0.4556213017751479,3.35,0.1,0.05
0.4556213017751479,3.3000000000000003,0.1,0.05
0.4556213017751479,3.3000000000000003,0.1,0.05
0.4556213017751479,3.5,0.1,0.05
0.4556213017751479,3.2,0.1,0.05
0.4556213017751479,3.6500000000000004,0.1,0.05
0.4556213017751479,3.35,0.1,0.05
0.4556213017751479,4.1000000000000005,0.1,0.05
0.4556213017751479,3.75,0.1,0.05
0.41224841412796615,3.2,0.1,0.05
0.41224841412796615,3.95,0.1,0.05
0.41224841412796615,4.3,0.1,0.05
0.41224841412796615,3.8000000000000003,0.1,0.05
0.41224841412796615,2.7,0.1,0.05
0.41224841412796615,4.15,0.1,0.05
0.41224841412796615,3.0500000000000003,0.1,0.05
0.41224841412796615,3.2,0.1,0.05
0.41224841412796615,2.75,0.1,0.05
0.41224841412796615,3.1,0.1,0.05
0.37624294544477294,3.0500000000000003,0.1,0.05
0.37624294544477294,2.8000000000000003,0.1,0.05
0.37624294544477294,3.25,0.1,0.05
0.37624294544477294,2.45,0.1,0.05
0.37624294544477294,4.9,0.1,0.05
0.37624294544477294,2.85,0.1,0.05
0.37624294544477294,3.1,0.1,0.05
0.37624294544477294,3.5,0.1,0.05
0.37624294544477294,3.6,0.1,0.05
0.37624294544477294,2.5500000000000003,0.1,0.05
0.3459005885437911,2.8000000000000003,0.1,0.05
0.3459005885437911,2.6,0.1,0.05
0.3459005885437911,2.95,0.1,0.05
0.3459005885437911,2.6,0.1,0.05
0.3459005885437911,3.25,0.1,0.05
0.3459005885437911,2.5,0.1,0.05
0.3459005885437911,3.75,0.1,0.05
0.3459005885437911,2.1,0.1,0.05
0.3459005885437911,2.4000000000000004,0.1,0.05
0.3459005885437911,2.45,0.1,0.05
0.32,2.6500000000000004,0.1,0.05
0.32,2.6,0.1,0.05
0.32,2.1,0.1,0.05
0.32,2.5500000000000003,0.1,0.05
0.32,2.4000000000000004,0.1,0.05
0.32,2.0,0.1,0.05
0.32,2.4000000000000004,0.1,0.05
0.32,1.9500000000000002,0.1,0.05
0.32,2.8000000000000003,0.1,0.05
0.32,2.4000000000000004,0.1,0.05
8.0,56.0,0.02,0.1
8.0,68.5,0.02,0.1
8.0,58.300000000000004,0.02,0.1
8.0,59.400000000000006,0.02,0.1
8.0,91.80000000000001,0.02,0.1
8.0,58.400000000000006,0.02,0.1
8.0,55.7,0.02,0.1
8.0,56.900000000000006,0.02,0.1
8.0,70.7,0.02,0.1
8.0,66.7,0.02,0.1
3.5992438563327034,25.1,0.02,0.1
3.5992438563327034,34.4,0.02,0.1
3.5992438563327034,28.5,0.02,0.1
3.5992438563327034,25.3,0.02,0.1
3.5992438563327034,41.1,0.02,0.1
3.5992438563327034,23.400000000000002,0.02,0.1
3.5992438563327034,29.900000000000002,0.02,0.1
3.5992438563327034,26.6,0.02,0.1
3.5992438563327034,26.5,0.02,0.1
3.5992438563327034,27.200000000000003,0.02,0.1
2.1875,16.900000000000002,0.02,0.1
2.1875,17.5,0.02,0.1
2.1875,13.700000000000001,0.02,0.1
2.1875,18.1,0.02,0.1
2.1875,15.200000000000001,0.02,0.1
2.1875,17.0,0.02,0.1
2.1875,15.8,0.02,0.1
2.1875,14.8,0.02,0.1
2.1875,17.400000000000002,0.02,0.1
2.1875,16.400000000000002,0.02,0.1
1.532421177870315,11.200000000000001,0.02,0.1
1.532421177870315,10.600000000000001,0.02,0.1
1.532421177870315,9.9,0.02,0.1
1.532421177870315,13.600000000000001,0.02,0.1
1.532421177870315,11.600000000000001,0.02,0.1
1.532421177870315,15.9,0.02,0.1
1.532421177870315,14.700000000000001,0.02,0.1
1.532421177870315,10.9,0.02,0.1
1.532421177870315,9.9,0.02,0.1
1.532421177870315,13.200000000000001,0.02,0.1
1.1648,7.5,0.02,0.1
1.1648,11.100000000000001,0.02,0.1
1.1648,10.3,0.02,0.1
1.1648,9.200000000000001,0.02,0.1
1.1648,8.6,0.02,0.1
1.1648,9.9,0.02,0.1
1.1648,11.0,0.02,0.1
1.1648,11.4,0.02,0.1
1.1648,8.700000000000001,0.02,0.1
1.1648,9.1,0.02,0.1
0.9330652111462222,10.100000000000001,0.02,0.1
0.9330652111462222,7.800000000000001,0.02,0.1
0.9330652111462222,5.9,0.02,0.1
0.9330652111462222,8.4,0.02,0.1
0.9330652111462222,9.0,0.02,0.1
0.9330652111462222,10.100000000000001,0.02,0.1
0.9330652111462222,7.9,0.02,0.1
0.9330652111462222,8.200000000000001,0.02,0.1
0.9330652111462222,6.800000000000001,0.02,0.1
0.9330652111462222,7.300000000000001,0.02,0.1
0.7750865051903115,7.300000000000001,0.02,0.1
0.7750865051903115,5.5,0.02,0.1
0.7750865051903115,5.6000000000000005,0.02,0.1
0.7750865051903115,7.800000000000001,0.02,0.1
0.7750865051903115,6.2,0.02,0.1
0.7750865051903115,5.800000000000001,0.02,0.1
0.7750865051903115,6.7,0.02,0.1
0.7750865051903115,5.5,0.02,0.1
0.7750865051903115,6.4,0.02,0.1
0.7750865051903115,5.2,0.02,0.1
0.6611570247933884,5.300000000000001,0.02,0.1
0.6611570247933884,5.2,0.02,0.1
0.6611570247933884,5.4,0.02,0.1
0.6611570247933884,5.7,0.02,0.1
0.6611570247933884,6.9,0.02,0.1
0.6611570247933884,9.4,0.02,0.1
0.6611570247933884,6.7,0.02,0.1
0.6611570247933884,5.2,0.02,0.1
0.6611570247933884,5.300000000000001,0.02,0.1
0.6611570247933884,5.6000000000000005,0.02,0.1
0.5754461871281774,6.0,0.02,0.1
0.5754461871281774,5.300000000000001,0.02,0.1
0.5754461871281774,4.800000000000001,0.02,0.1
0.5754461871281774,4.5,0.02,0.1
0.5754461871281774,5.300000000000001,0.02,0.1
0.5754461871281774,4.800000000000001,0.02,0.1
0.5754461871281774,5.1000000000000005,0.02,0.1
0.5754461871281774,4.800000000000001,0.02,0.1
0.5754461871281774,4.6000000000000005,0.02,0.1
0.5754461871281774,4.5,0.02,0.1
0.5088088642659279,3.9000000000000004,0.02,0.1
0.5088088642659279,5.5,0.02,0.1
0.5088088642659279,4.7,0.02,0.1
0.5088088642659279,4.7,0.02,0.1
0.5088088642659279,4.1000000000000005,0.02,0.1
0.5088088642659279,5.5,0.02,0.1
0.5088088642659279,5.5,0.02,0.1
0.5088088642659279,4.2,0.02,0.1
0.5088088642659279,4.0,0.02,0.1
0.5088088642659279,3.7,0.02,0.1
0.4556213017751479,4.0,0.02,0.1
0.4556213017751479,5.5,0.02,0.1
0.4556213017751479,3.5,0.02,0.1
0.4556213017751479,3.7,0.02,0.1
0.4556213017751479,4.7,0.02,0.1
0.4556213017751479,3.9000000000000004,0.02,0.1
0.4556213017751479,3.5,0.02,0.1
0.4556213017751479,4.7,0.02,0.1
0.4556213017751479,4.1000000000000005,0.02,0.1
0.4556213017751479,5.4,0.02,0.1
0.41224841412796615,3.7,0.02,0.1
0.41224841412796615,3.1,0.02,0.1
0.41224841412796615,3.3000000000000003,0.02,0.1
0.41224841412796615,3.6,0.02,0.1
0.41224841412796615,3.4000000000000004,0.02,0.1
0.41224841412796615,6.300000000000001,0.02,0.1
0.41224841412796615,4.9,0.02,0.1
0.41224841412796615,3.7,0.02,0.1
0.41224841412796615,3.4000000000000004,0.02,0.1
0.41224841412796615,3.9000000000000004,0.02,0.1
0.37624294544477294,3.0,0.02,0.1
0.37624294544477294,3.3000000000000003,0.02,0.1
0.37624294544477294,2.9000000000000004,0.02,0.1
0.37624294544477294,3.2,0.02,0.1
0.37624294544477294,3.4000000000000004,0.02,0.1
0.37624294544477294,3.6,0.02,0.1
0.37624294544477294,2.9000000000000004,0.02,0.1
0.37624294544477294,2.7,0.02,0.1
0.37624294544477294,3.3000000000000003,0.02,0.1
0.37624294544477294,2.9000000000000004,0.02,0.1
0.3459005885437911,3.1,0.02,0.1
0.3459005885437911,3.6,0.02,0.1
0.3459005885437911,2.6,0.02,0.1
0.3459005885437911,2.8000000000000003,0.02,0.1
0.3459005885437911,3.1,0.02,0.1
0.3459005885437911,2.7,0.02,0.1
0.3459005885437911,2.8000000000000003,0.02,0.1
0.3459005885437911,3.5,0.02,0.1
0.3459005885437911,2.7,0.02,0.1
0.3459005885437911,2.9000000000000004,0.02,0.1
0.32,3.2,0.02,0.1
0.32,2.9000000000000004,0.02,0.1
0.32,2.9000000000000004,0.02,0.1
0.32,4.0,0.02,0.1
0.32,3.2,0.02,0.1
0.32,2.7,0.02,0.1
0.32,2.8000000000000003,0.02,0.1
0.32,3.6,0.02,0.1
0.32,2.4000000000000004,0.02,0.1
0.32,2.8000000000000003,0.02,0.1
8.0,56.6,0.05,0.1
8.0,53.7,0.05,0.1
8.0,63.6,0.05,0.1
8.0,47.6,0.05,0.1
8.0,57.2,0.05,0.1
8.0,81.2,0.05,0.1
8.0,57.800000000000004,0.05,0.1
8.0,53.6,0.05,0.1
8.0,62.0,0.05,0.1
8.0,51.0,0.05,0.1
3.5992438563327034,18.5,0.05,0.1
3.5992438563327034,29.8,0.05,0.1
3.5992438563327034,22.400000000000002,0.05,0.1
3.5992438563327034,20.8,0.05,0.1
3.5992438563327034,20.0,0.05,0.1
3.5992438563327034,21.200000000000003,0.05,0.1
3.5992438563327034,22.3,0.05,0.1
3.5992438563327034,21.700000000000003,0.05,0.1
3.5992438563327034,31.700000000000003,0.05,0.1
3.5992438563327034,23.900000000000002,0.05,0.1
2.1875,15.0,0.05,0.1
2.1875,16.900000000000002,0.05,0.1
2.1875,16.2,0.05,0.1
2.1875,15.200000000000001,0.05,0.1
2.1875,13.600000000000001,0.05,0.1
2.1875,15.200000000000001,0.05,0.1
2.1875,13.9,0.05,0.1
2.1875,12.8,0.05,0.1
2.1875,15.200000000000001,0.05,0.1
2.1875,12.4,0.05,0.1
1.532421177870315,9.5,0.05,0.1
1.532421177870315,11.100000000000001,0.05,0.1
1.532421177870315,11.100000000000001,0.05,0.1
1.532421177870315,12.3,0.05,0.1
1.532421177870315,12.100000000000001,0.05,0.1
1.532421177870315,9.0,0.05,0.1
1.532421177870315,11.0,0.05,0.1
1.532421177870315,10.600000000000001,0.05,0.1
1.532421177870315,9.0,0.05,0.1
1.532421177870315,8.6,0.05,0.1
1.1648,6.9,0.05,0.1
1.1648,9.0,0.05,0.1
1.1648,8.8,0.05,0.1
1.1648,8.5,0.05,0.1
1.1648,13.0,0.05,0.1
1.1648,10.100000000000001,0.05,0.1
1.1648,6.6000000000000005,0.05,0.1
1.1648,8.1,0.05,0.1
1.1648,7.1000000000000005,0.05,0.1
1.1648,6.9,0.05,0.1
0.9330652111462222,6.6000000000000005,0.05,0.1
0.9330652111462222,7.0,0.05,0.1
0.9330652111462222,7.0,0.05,0.1
0.9330652111462222,6.800000000000001,0.05,0.1
0.9330652111462222,7.7,0.05,0.1
0.9330652111462222,8.6,0.05,0.1
0.9330652111462222,6.0,0.05,0.1
0.9330652111462222,8.0,0.05,0.1
0.9330652111462222,6.300000000000001,0.05,0.1
0.9330652111462222,6.6000000000000005,0.05,0.1
0.7750865051903115,6.800000000000001,0.05,0.1
0.7750865051903115,8.3,0.05,0.1
0.7750865051903115,7.7,0.05,0.1
0.7750865051903115,6.2,0.05,0.1
0.7750865051903115,6.0,0.05,0.1
0.7750865051903115,5.9,0.05,0.1
0.7750865051903115,5.1000000000000005,0.05,0.1
0.7750865051903115,5.2,0.05,0.1
0.7750865051903115,6.1000000000000005,0.05,0.1
0.7750865051903115,6.0,0.05,0.1
0.6611570247933884,6.5,0.05,0.1
0.6611570247933884,4.6000000000000005,0.05,0.1
0.6611570247933884,4.5,0.05,0.1
0.6611570247933884,4.4,0.05,0.1
0.6611570247933884,4.5,0.05,0.1
0.6611570247933884,4.4,0.05,0.1
0.6611570247933884,4.4,0.05,0.1
0.6611570247933884,4.5,0.05,0.1
0.6611570247933884,6.7,0.05,0.1
0.6611570247933884,5.7,0.05,0.1
0.5754461871281774,5.6000000000000005,0.05,0.1
0.5754461871281774,5.300000000000001,0.05,0.1
0.5754461871281774,5.2,0.05,0.1
0.5754461871281774,4.2,0.05,0.1
0.5754461871281774,5.6000000000000005,0.05,0.1
0.5754461871281774,4.800000000000001,0.05,0.1
0.5754461871281774,3.9000000000000004,0.05,0.1
0.5754461871281774,4.6000000000000005,0.05,0.1
0.5754461871281774,3.8000000000000003,0.05,0.1
0.5754461871281774,6.2,0.05,0.1
0.5088088642659279,4.7,0.05,0.1
0.5088088642659279,5.300000000000001,0.05,0.1
0.5088088642659279,4.2,0.05,0.1
0.5088088642659279,3.6,0.05,0.1
0.5088088642659279,3.9000000000000004,0.05,0.1
0.5088088642659279,3.3000000000000003,0.05,0.1
0.5088088642659279,3.6,0.05,0.1
0.5088088642659279,4.0,0.05,0.1
0.5088088642659279,4.7,0.05,0.1
0.5088088642659279,4.0,0.05,0.1
0.4556213017751479,4.0,0.05,0.1
0.4556213017751479,3.5,0.05,0.1
0.4556213017751479,3.8000000000000003,0.05,0.1
0.4556213017751479,3.8000000000000003,0.05,0.1
0.4556213017751479,3.3000000000000003,0.05,0.1
0.4556213017751479,3.2,0.05,0.1
0.4556213017751479,3.4000000000000004,0.05,0.1
0.4556213017751479,4.1000000000000005,0.05,0.1
0.4556213017751479,4.3,0.05,0.1
0.4556213017751479,3.6,0.05,0.1
0.41224841412796615,3.3000000000000003,0.05,0.1
0.41224841412796615,3.3000000000000003,0.05,0.1
0.41224841412796615,3.1,0.05,0.1
0.41224841412796615,3.1,0.05,0.1
0.41224841412796615,3.2,0.05,0.1
0.41224841412796615,4.0,0.05,0.1
0.41224841412796615,3.1,0.05,0.1
0.41224841412796615,3.0,0.05,0.1
0.41224841412796615,3.2,0.05,0.1
0.41224841412796615,3.2,0.05,0.1
0.37624294544477294,4.0,0.05,0.1
0.37624294544477294,2.5,0.05,0.1
0.37624294544477294,2.8000000000000003,0.05,0.1
0.37624294544477294,2.9000000000000004,0.05,0.1
0.37624294544477294,3.4000000000000004,0.05,0.1
0.37624294544477294,2.6,0.05,0.1
0.37624294544477294,2.6,0.05,0.1
0.37624294544477294,3.2,0.05,0.1
0.37624294544477294,2.9000000000000004,0.05,0.1
0.37624294544477294,2.6,0.05,0.1
0.3459005885437911,2.7,0.05,0.1
0.3459005885437911,2.5,0.05,0.1
0.3459005885437911,2.7,0.05,0.1
0.3459005885437911,3.3000000000000003,0.05,0.1
0.3459005885437911,3.0,0.05,0.1
0.3459005885437911,2.3000000000000003,0.05,0.1
0.3459005885437911,2.8000000000000003,0.05,0.1
0.3459005885437911,3.7,0.05,0.1
0.3459005885437911,2.5,0.05,0.1
0.3459005885437911,2.6,0.05,0.1
0.32,2.5,0.05,0.1
0.32,2.4000000000000004,0.05,0.1
0.32,2.4000000000000004,0.05,0.1
0.32,2.0,0.05,0.1
0.32,3.8000000000000003,0.05,0.1
0.32,2.4000000000000004,0.05,0.1
0.32,2.1,0.05,0.1
0.32,2.8000000000000003,0.05,0.1
0.32,2.2,0.05,0.1
0.32,3.0,0.05,0.1
8.0,52.900000000000006,0.1,0.1
8.0,50.0,0.1,0.1
8.0,67.4,0.1,0.1
8.0,62.2,0.1,0.1
8.0,77.80000000000001,0.1,0.1
8.0,60.400000000000006,0.1,0.1
8.0,62.400000000000006,0.1,0.1
8.0,75.60000000000001,0.1,0.1
8.0,49.5,0.1,0.1
8.0,65.5,0.1,0.1
3.5992438563327034,22.6,0.1,0.1
3.5992438563327034,20.900000000000002,0.1,0.1
3.5992438563327034,21.700000000000003,0.1,0.1
3.5992438563327034,24.1,0.1,0.1
3.5992438563327034,17.2,0.1,0.1
3.5992438563327034,31.400000000000002,0.1,0.1
3.5992438563327034,26.200000000000003,0.1,0.1
3.5992438563327034,21.400000000000002,0.1,0.1
3.5992438563327034,22.5,0.1,0.1
3.5992438563327034,20.5,0.1,0.1
2.1875,20.700000000000003,0.1,0.1
2.1875,16.8,0.1,0.1
2.1875,13.200000000000001,0.1,0.1
2.1875,14.600000000000001,0.1,0.1
2.1875,12.0,0.1,0.1
2.1875,11.5,0.1,0.1
2.1875,14.100000000000001,0.1,0.1
2.1875,13.4,0.1,0.1
2.1875,12.0,0.1,0.1
2.1875,14.9,0.1,0.1
1.532421177870315,8.3,0.1,0.1
1.532421177870315,9.600000000000001,0.1,0.1
1.532421177870315,9.8,0.1,0.1
1.532421177870315,10.9,0.1,0.1
1.532421177870315,11.0,0.1,0.1
1.532421177870315,8.3,0.1,0.1
1.532421177870315,10.600000000000001,0.1,0.1
1.532421177870315,10.100000000000001,0.1,0.1
1.532421177870315,9.4,0.1,0.1
1.532421177870315,13.4,0.1,0.1
1.1648,6.0,0.1,0.1
1.1648,7.6000000000000005,0.1,0.1
1.1648,6.800000000000001,0.1,0.1
1.1648,7.9,0.1,0.1
1.1648,9.3,0.1,0.1
1.1648,9.700000000000001,0.1,0.1
1.1648,7.300000000000001,0.1,0.1
1.1648,6.4,0.1,0.1
1.1648,7.4,0.1,0.1
1.1648,7.300000000000001,0.1,0.1
0.9330652111462222,8.6,0.1,0.1
0.9330652111462222,5.2,0.1,0.1
0.9330652111462222,7.1000000000000005,0.1,0.1
0.9330652111462222,6.9,0.1,0.1
0.9330652111462222,7.2,0.1,0.1
0.9330652111462222,6.800000000000001,0.1,0.1
0.9330652111462222,5.6000000000000005,0.1,0.1
0.9330652111462222,5.800000000000001,0.1,0.1
0.9330652111462222,5.1000000000000005,0.1,0.1
0.9330652111462222,6.0,0.1,0.1
0.7750865051903115,7.4,0.1,0.1
0.7750865051903115,5.2,0.1,0.1
0.7750865051903115,5.4,0.1,0.1
0.7750865051903115,5.1000000000000005,0.1,0.1
0.7750865051903115,4.9,0.1,0.1
0.7750865051903115,5.5,0.1,0.1
0.7750865051903115,4.9,0.1,0.1
0.7750865051903115,5.9,0.1,0.1
0.7750865051903115,4.9,0.1,0.1
0.7750865051903115,5.9,0.1,0.1
0.6611570247933884,5.1000000000000005,0.1,0.1
0.6611570247933884,6.800000000000001,0.1,0.1
0.6611570247933884,4.4,0.1,0.1
0.6611570247933884,4.0,0.1,0.1
0.6611570247933884,4.2,0.1,0.1
0.6611570247933884,4.9,0.1,0.1
0.6611570247933884,4.4,0.1,0.1
0.6611570247933884,5.0,0.1,0.1
0.6611570247933884,4.7,0.1,0.1
0.6611570247933884,5.1000000000000005,0.1,0.1
0.5754461871281774,4.4,0.1,0.1
0.5754461871281774,4.5,0.1,0.1
0.5754461871281774,4.4,0.1,0.1
0.5754461871281774,3.7,0.1,0.1
0.5754461871281774,3.6,0.1,0.1
0.5754461871281774,3.7,0.1,0.1
0.5754461871281774,4.3,0.1,0.1
0.5754461871281774,4.5,0.1,0.1
0.5754461871281774,3.9000000000000004,0.1,0.1
0.5754461871281774,3.5,0.1,0.1
0.5088088642659279,3.6,0.1,0.1
0.5088088642659279,4.0,0.1,0.1
0.5088088642659279,3.8000000000000003,0.1,0.1
0.5088088642659279,6.5,0.1,0.1
0.5088088642659279,2.8000000000000003,0.1,0.1
0.5088088642659279,3.4000000000000004,0.1,0.1
0.5088088642659279,4.1000000000000005,0.1,0.1
0.5088088642659279,4.5,0.1,0.1
0.5088088642659279,3.4000000000000004,0.1,0.1
0.5088088642659279,3.7,0.1,0.1
0.4556213017751479,3.1,0.1,0.1
0.4556213017751479,2.8000000000000003,0.1,0.1
0.4556213017751479,3.3000000000000003,0.1,0.1
0.4556213017751479,3.1,0.1,0.1
0.4556213017751479,3.3000000000000003,0.1,0.1
0.4556213017751479,2.6,0.1,0.1
0.4556213017751479,3.8000000000000003,0.1,0.1
0.4556213017751479,3.2,0.1,0.1
0.4556213017751479,3.7,0.1,0.1
0.4556213017751479,3.1,0.1,0.1
0.41224841412796615,3.1,0.1,0.1
0.41224841412796615,2.8000000000000003,0.1,0.1
0.41224841412796615,3.3000000000000003,0.1,0.1
0.41224841412796615,2.6,0.1,0.1
0.41224841412796615,3.4000000000000004,0.1,0.1
0.41224841412796615,3.3000000000000003,0.1,0.1
0.41224841412796615,2.4000000000000004,0.1,0.1
0.41224841412796615,2.8000000000000003,0.1,0.1
0.41224841412796615,2.9000000000000004,0.1,0.1
0.41224841412796615,3.3000000000000003,0.1,0.1
0.37624294544477294,2.4000000000000004,0.1,0.1
0.37624294544477294,2.8000000000000003,0.1,0.1
0.37624294544477294,2.5,0.1,0.1
0.37624294544477294,3.7,0.1,0.1
0.37624294544477294,2.3000000000000003,0.1,0.1
0.37624294544477294,2.6,0.1,0.1
0.37624294544477294,2.9000000000000004,0.1,0.1
0.37624294544477294,2.6,0.1,0.1
0.37624294544477294,2.9000000000000004,0.1,0.1
0.37624294544477294,2.3000000000000003,0.1,0.1
0.3459005885437911,2.3000000000000003,0.1,0.1
0.3459005885437911,2.6,0.1,0.1
0.3459005885437911,2.4000000000000004,0.1,0.1
0.3459005885437911,2.0,0.1,0.1
0.3459005885437911,2.4000000000000004,0.1,0.1
0.3459005885437911,2.6,0.1,0.1
0.3459005885437911,2.4000000000000004,0.1,0.1
0.3459005885437911,2.2,0.1,0.1
0.3459005885437911,3.4000000000000004,0.1,0.1
0.3459005885437911,2.3000000000000003,0.1,0.1
0.32,3.2,0.1,0.1
0.32,2.1,0.1,0.1
0.32,2.3000000000000003,0.1,0.1
0.32,2.4000000000000004,0.1,0.1
0.32,2.3000000000000003,0.1,0.1
0.32,2.3000000000000003,0.1,0.1
0.32,2.2,0.1,0.1
0.32,2.2,0.1,0.1
0.32,1.9000000000000001,0.1,0.1
0.32,3.0,0.1,0.1
